,300104.SZ.Open,300104.SZ.High,300104.SZ.Low,300104.SZ.Close,300104.SZ.Volume,300104.SZ.Adjusted
1,49.44008,49.97998,42.71006,42.95992,267359100,2.30432
2,45.00995,45.99994,43.52008,44.44996,157024400,2.38424
3,41.99998,43.57005,41.52001,43.02998,106931000,2.30807
4,42.81,43.97996,42.58007,43.54,70972800,2.33543
5,43.59993,43.76994,41.74995,41.95001,74561700,2.25015
6,41.95001,42.85997,41.69998,42.02007,49960500,2.2539
7,41.68006,42.43994,41.49992,41.99998,42697300,2.25283
8,42.09992,42.38997,39.99992,40.11995,64125400,2.15198
9,40.24995,40.24995,38.95,39.80999,45955500,2.13536
10,39.41005,40.28,38.99997,39.00993,33155000,2.09244
11,39.34994,39.64994,38.65996,39.50003,30087100,2.11873
12,39.20003,39.79007,39.04994,39.69992,23836600,2.12945
13,39.85,40.45,39.81995,40.15,31393300,2.1536
14,40.01005,40.19002,39.59997,39.89998,26380100,2.14019
15,39.96008,41.69002,39.96008,40.91005,47184900,2.19436
16,40.86008,41.69002,40.44005,41.25006,42312000,2.2126
17,41.12007,41.86999,40.71995,41.19992,38433300,2.20991
18,41.30004,41.48996,38.99997,39.36008,40452900,2.11123
19,39.42997,39.76998,39.11005,39.49007,15033500,2.1182
20,38.99997,39.38996,38.80009,39.25,21122000,2.10532
21,39.15006,39.75006,38.98005,39.15006,23307400,2.09996
22,38.90003,39.29997,38.18995,38.47999,25017900,2.06402
23,38.60003,39.40009,38.42006,39.40009,23810300,2.11337
24,39.75006,39.88006,38.69997,38.90003,18199400,2.08655
25,38.50009,38.87993,36.07998,36.29996,33829100,1.94708
26,36.24999,36.57008,34.79995,35.43001,26352500,1.90042
27,35.50007,36.15005,35.00997,35.24009,14638800,1.89023
28,35.39996,35.57992,34.57998,34.61003,11114100,1.85644
29,34.90007,34.90007,33.40007,33.47992,15996600,1.79582
30,33.46996,33.89995,33.45004,33.89995,10988900,1.81835
31,34.60007,37.28994,34.60007,37.28994,52186200,2.00019
32,36.63997,37.52006,35.70992,37.40002,43437500,2.00609
33,37.01004,37.65005,36.80998,37.18004,19599900,1.99429
34,37.57999,38.20009,37.18004,37.58995,24898200,2.01628
35,37.57999,37.57999,36.24003,36.42996,23069500,1.95406
36,36.43992,37.24994,36.29996,36.37998,13674200,1.95138
37,36.20002,36.20002,35.51999,36.03001,19094400,1.93261
38,36.81994,36.84999,35.61994,35.67008,18593700,1.9133
39,35.55005,35.86996,34.45994,35.09995,17354900,1.88272
40,35.34999,35.34999,34.10001,35.26,13821600,1.8913
41,35.47998,38.20009,35.29005,37.13008,32876100,1.99161
42,36.50002,37.79997,36.32006,37.14999,26062600,1.99268
43,37.32996,38.20009,36.59996,37.69006,22511400,2.02165
44,37.60008,38.59007,37.49997,38.09001,24572200,2.0431
45,38.09997,39.97004,38.09001,39.68996,37053000,2.12892
46,39.80003,39.89998,38.77003,39.21995,19804000,2.10371
47,39.34994,39.84004,38.20009,38.26001,17935100,2.05222
48,38.09997,39.20003,38.00003,38.86002,19566000,2.0844
49,38.09997,41.00004,38.00003,40.09008,38239900,2.15038
50,40.58,40.88,38.99997,40.26008,49275600,2.1595
51,40.33993,40.33993,38.65,38.93008,29309200,2.08816
52,38.66992,38.66992,37.70003,37.75995,22472800,2.0254
53,37.70003,38.82996,37.67993,38.52,14064500,2.06617
54,38.60999,38.87993,38.00003,38.38005,15484000,2.05866
55,38.60003,39.89002,38.55006,39.59002,19537800,2.12356
56,39.62007,40.19998,39.20003,39.56992,18358700,2.12248
57,39.58005,41.96993,39.29997,41.49992,38964000,2.226
58,41.16008,44.09999,41.09998,42.29998,60980700,2.26892
59,41.99998,42.89999,39.21995,39.59997,63548500,2.12409
60,39.58005,41.99998,39.51995,41.90004,38886700,2.24747
61,42.20004,42.77995,39.80003,40.54995,47570100,2.17505
62,39.93999,42.50004,39.80003,40.73009,44660300,2.18471
63,41.39002,43.99009,40.18006,43.63994,50754300,2.34079
64,43.59993,45.50005,43.15001,45.09993,61821700,2.4191
65,44.55008,45.78992,43.62998,44.35002,57279700,2.37888
66,43.99009,47.48998,43.65008,47.39004,63935000,2.54194
67,47.00006,49.68993,46.70006,49.49005,59334700,2.65458
68,49.59995,50.01003,47.19994,48.12004,35776600,2.5811
69,47.78998,52.93002,47.78998,52.93002,55899600,2.8391
70,52.57008,54.86998,52.30992,53.03992,52042300,2.845
71,53.10002,53.10002,48.16005,50.06996,57014100,2.68569
72,49.92005,53.99007,49.80997,51.77002,30560900,2.77688
73,51.99996,52.87009,50.00007,51.17998,18395000,2.74523
74,51.29006,51.38004,48,49.70007,43231600,2.66585
75,48.03006,50.28994,46.71002,50.02995,34507700,2.68354
76,49.40007,51.50008,48.99995,49.55994,22303500,2.65833
77,50.78004,52.50002,49.58003,50.00007,41048900,2.68194
78,51.18994,54.99997,51.07008,54.99997,47405800,2.95013
79,60.49993,60.49993,60.49993,60.49993,11794500,3.24514
80,63.58993,66.54993,62.32999,64.55004,109732400,3.46238
81,64.04002,65.24002,61.38002,62.62004,50770900,3.35886
82,64.00001,68.88005,63.10996,66.99006,93500600,3.59326
83,64.99995,65.88004,63.00006,64.39995,49527200,3.45433
84,63.79995,64.39995,59.49999,60.08007,61180400,3.22262
85,60.99999,61.97006,59.40005,61.29999,47006100,3.28806
86,61.50005,65.28004,59.70005,62.58002,56167600,3.35671
87,61.99994,64.50007,58.99993,59.66004,41303100,3.20009
88,58.20004,60.48997,56.84995,59.79003,42658300,3.20706
89,59.82008,61.84007,57.21006,57.55007,37515000,3.08691
90,58.11006,61.17996,58.00994,58.80004,45728300,3.15396
91,57.96993,60.51007,57.00004,60.01001,35017900,3.21886
92,59.71001,64.86,59.71001,64.13996,56536200,3.44039
93,64.69995,64.99995,63.00006,64.38003,41266700,3.45327
94,64.50007,65.68994,62.59994,65.64992,43185500,3.52138
95,64.97007,69.07993,63.70001,64.11008,48875100,3.43879
96,64.11008,65.49005,62.57006,62.80996,32811400,3.36905
97,63.08008,64.90001,62.50996,64.22994,30228600,3.44521
98,63.70001,63.70001,57.81006,57.81006,51244600,3.10086
99,57.09998,57.90004,55.08,55.50999,30449600,2.97749
100,55.97004,56.75997,52.97999,54.90999,33418900,2.9453
101,54.96992,56.79998,53.82006,56.10003,25224300,3.00914
102,55.34994,55.68,53.00008,53.00008,18054900,2.84286
103,53.00008,54.29007,52.20998,53.40003,16690100,2.86431
104,53.60008,53.60008,52.29996,52.81994,10394900,2.8332
105,52.89997,55.03002,51.00998,54.29007,19385800,2.91205
106,53.27999,55.89002,52.89997,54.22,23536400,2.90829
107,53.91004,53.92,51.56,53.24994,27552500,2.85626
108,52.80002,53.17009,47.92994,47.92994,31977700,2.5709
109,47.48003,47.48003,43.61006,45.00995,25327700,2.41428
110,45.08998,46.28998,44.30005,45.50005,12037600,2.44057
111,44.99999,46.8,43.59993,45.88008,17007700,2.46095
112,45.88008,47.78003,45.34997,46.61007,17602800,2.50011
113,46.58998,47.90006,46.02999,47.7,13184700,2.55857
114,47.00006,47.65999,45.32009,46.45003,15255000,2.49152
115,46.10005,46.41997,44.44,44.44,12620600,2.38371
116,44.44,48.88009,44.44,48.88009,16220400,2.62187
117,50.49,50.97992,49.29995,50.19996,30387600,2.69266
118,50.49996,53.40003,50.49996,51.60002,21997200,2.76776
119,51.90998,52.98995,50.21009,51.86996,19364600,2.78224
120,51.99,53.78005,51.90002,53.00008,18223200,2.84286
121,53.02,54.87994,52.20002,53.27003,21586000,2.85734
122,53.30008,53.93992,51.20008,51.20008,19665900,2.74631
123,50.18003,53.10002,50.18003,53.00008,18551800,2.84286
124,52.59001,56.56008,52.50002,55.20003,40903800,2.96086
125,55.20999,58.76999,55.20999,56.10003,42137000,3.00914
126,55.89002,58.98001,55.15006,58.04,30346300,3.11319
127,58.04996,58.67005,56.18006,58.29998,19928100,3.12714
128,57.90004,60.49993,57.65001,58.89003,20959700,3.15879
129,58.51,59.37995,56.66999,57.64005,19882400,3.09174
130,57.49992,59.23004,56.37994,58.69993,20255100,3.14859
131,58.02007,59.79999,56.28,56.28,17179600,3.01879
132,56.23003,58.29998,56.22007,57.43999,11811800,3.08101
133,57.90004,58.55002,56.28996,57.69998,12772900,3.09496
134,57.82998,60.95002,57.82998,60.91997,23690600,3.26767
135,60.99999,61.80006,60.00005,61.22993,13034800,3.2843
136,65.97998,65.97998,61.98002,61.99994,33373200,3.3256
137,62.10006,67.99996,61.99994,64.69995,37336400,3.47043
138,64.60001,65.96006,63.01998,65.23006,21438200,3.49886
139,64.78993,65.76,61.02009,63.49995,27866400,3.40606
140,63.30006,65.59995,62.54997,63.48003,23559100,3.40499
141,63.36995,65.19005,61.81002,64.31993,26333900,3.45004
142,66.10001,67.20008,64.33006,64.50007,22800800,3.4597
143,64.29005,67.87993,63.48999,66.60007,25833400,3.57235
144,66.90008,68.85,62.59994,63.1,37108300,3.38461
145,63.00006,63.49995,61.80006,63.13006,21772700,3.38622
146,62.89995,63.78999,62.07996,62.10006,16263200,3.33097
147,62.2,62.40006,59.10004,59.97,34405100,3.21672
148,60.19993,61.91992,59.61006,60.66994,17985400,3.25426
149,60.19993,61.29999,57.90004,58.39993,15710900,3.1325
150,58.39993,58.85998,57.16009,57.78001,9182600,3.09925
151,57.99998,60.28991,57.35001,59.37995,13735600,3.18507
152,58.79008,60.18001,58.50004,59.99009,7968900,3.21779
153,60.00005,60.49993,56.70004,57.65997,16500900,3.09281
154,57.09998,58.29998,56.49998,57.18996,12798800,3.0676
155,56.80994,62.91008,56.80994,62.10006,28849200,3.33097
156,61.38002,63.40996,61.11007,62.15003,17611400,3.33365
157,61.93005,63.40001,61.21001,62.28998,15724300,3.34116
158,62.97997,66.57002,62.02999,66.57002,31580400,3.57073
159,67.80008,68.03001,65.01009,66.70002,29443700,3.57771
160,66.70998,66.70998,61.99994,63.08008,26241800,3.38354
161,63.49995,64.68999,63.05003,63.35999,18957800,3.39855
162,64.50007,69.70003,63.01002,69.70003,31355300,3.73862
163,70.87994,72.48006,68.08995,69.48005,40941200,3.72682
164,69.10998,69.79997,67.00998,68.54003,25757300,3.6764
165,68.46997,72.59992,67.39996,68.25995,31708300,3.66138
166,66.87998,67.59006,64.17997,66.06996,22706600,3.54391
167,66.54993,68.47993,64.80007,65.46,16328300,3.51119
168,66.15994,66.88994,58.90994,58.90994,37574500,3.15986
169,57.98007,60.00005,56.29992,59.69009,24147700,3.2017
170,59.54,60.87996,58.60994,60.00005,13429600,3.21833
171,58.06009,59.10004,57.77005,58.15007,16081100,3.1191
172,57.90004,60.98008,57.52001,59.40005,19325100,3.18614
173,58.55997,61.26994,58.03004,60.99999,17060400,3.27196
174,61.43995,62.40006,59.49999,60.28991,16661000,3.23388
175,60.39999,61.03005,59.20995,60.60005,14111800,3.25051
176,59.96004,61.80006,58.60994,60.90005,15974100,3.2666
177,61.78992,64.43996,61.11007,62.71998,30238400,3.36422
178,62.19004,62.49004,58.99993,60.74001,20286800,3.25802
179,60.19993,62.87006,60.09003,62.5,14614600,3.35242
180,61.9,63.00006,59.75998,60.49993,16889000,3.24514
181,27.50998,27.98999,25.79998,26.82998,17863900,3.30944
182,26.78003,26.99001,26.33003,26.51,7904600,3.26998
183,26.83999,27.45001,26.30001,26.37999,10173000,3.25394
184,25.89997,26.25998,24.39997,24.41998,16924000,3.01217
185,24.03003,25.87003,23.81996,25.19997,15284800,3.10838
186,24.9,25.33998,23.81996,23.83998,13693300,2.94063
187,23.98,24.50004,22.65003,22.98002,17519800,2.83456
188,22.62001,23.57003,22.28001,22.43003,11279400,2.76672
189,22.43996,23.59997,22.16001,22.77003,11297500,2.80865
190,22.98002,23.32002,22.65003,23.16999,6481500,2.85799
191,23.3,23.80003,23.11003,23.24997,8908700,2.86785
192,22.89003,23.00003,22.09997,22.28001,10735200,2.74821
193,22.30002,22.65003,21.95002,22.44997,13818500,2.76918
194,21.99998,22.00998,21.39003,21.8,15560400,2.689
195,21.71001,21.8,20.78001,21.24001,20287300,2.61993
196,20.85998,23.35996,20.70003,22.13999,30167700,2.73094
197,21.71001,23.00003,21.48001,22.46998,24298200,2.77164
198,22.30002,22.30002,21.51003,21.82001,14087200,2.69147
199,21.82001,22.5,21.74996,22.13999,11387200,2.73094
200,22.09004,22.58999,21.83002,21.92,11059400,2.7038
201,21.48001,21.48001,20.39998,20.58002,15811500,2.53852
202,20.49997,20.70003,19.79996,19.81998,12722100,2.44477
203,19.89002,20.22001,19.69997,19.99001,7841600,2.46574
204,20.01003,20.2,19.41001,19.79996,10394100,2.4423
205,19.90003,20.13003,18.99996,18.99996,14499300,2.34362
206,18.88997,19.97,18.69999,19.79003,18464700,2.44108
207,19.68004,20.87999,19.62,20.41999,21337600,2.51878
208,20.29999,21.66998,20.04998,21.25001,26606100,2.62116
209,21.29997,21.39003,20.74998,21.19998,15923500,2.61499
210,22.79997,22.79997,21.60002,21.63004,28841100,2.66804
211,21.54998,22.43003,21.17996,22.22998,26319100,2.74204
212,22.59999,22.72,22.07002,22.09997,17510700,2.726
213,22.09997,22.96,21.99998,22.79997,22266700,2.81235
214,22.79997,23.19,22.59999,22.82999,18146400,2.81605
215,22.95,23.00003,22.40001,22.78004,18710300,2.80989
216,22.87002,23.13997,22.45998,22.97001,24487600,2.83332
217,22.88003,23.04999,22.10997,22.26,19360100,2.74574
218,22.09997,24.49003,21.89998,23.81996,51657100,2.93816
219,23.51999,24.27996,23.49998,24.18998,29169600,2.9838
220,24.48002,24.68,23.80003,24.39997,19387100,3.00971
221,24.42999,25.67998,24.40997,24.73004,29759000,3.05042
222,24.81001,24.98998,24.05997,24.15003,20533300,2.97888
223,24.15003,24.19999,23.20001,23.49998,15944300,2.89869
224,23.65,24.08999,23.39999,23.66001,9170600,2.91843
225,23.82997,23.84998,22.89996,23.00003,11927400,2.83702
226,23.11003,23.47997,23.00003,23.24004,8103900,2.86663
227,23.23003,23.23003,21.86004,21.86996,13738000,2.69763
228,21.89998,22.21997,21.8,21.97003,6724700,2.70998
229,22.08003,23.18,21.71001,23.00003,14740400,2.83702
230,22.75002,24.15003,22.63001,23.64,24608000,2.91596
231,23.39999,23.85999,22.79997,22.92998,15113700,2.82838
232,23.27999,23.84998,22.95,23.62999,16533300,2.91473
233,23.70997,24.04004,22.79997,23.91003,19929100,2.94927
234,23.71997,24.9,23.46003,24.51997,28611000,3.02451
235,24.61003,24.80001,24.02002,24.12001,16316000,2.97517
236,22.57998,23.80003,22.5,23.39999,16620100,2.88636
237,23.3,23.76,21.63004,22.89996,22932900,2.82468
238,21.99998,23.32002,21.89998,23.28999,15200800,2.87279
239,23.58004,24.83003,23.58004,24.16997,26192800,2.98134
240,23.59997,25.19997,23.41,25.11999,37751100,3.09852
241,25.09998,25.96001,24.74997,25.06003,26614800,3.09112
242,25.02,26.37999,24.91,25.98003,26001000,3.2046
243,26.15999,26.20002,25.45999,26.14999,17461700,3.22557
244,26.08002,27.67001,25.65004,27.23002,35416100,3.35879
245,26.59998,27.91001,26.41001,27.2,25411100,3.35509
246,26.51,27.29999,26.34997,26.68004,16621100,3.29095
247,26.68004,27.29999,26.30001,26.49999,15341300,3.26874
248,26.55003,27.80002,26.55003,27.13003,19939300,3.34646
249,27.14996,27.66,27.02003,27.29999,15776100,3.36742
250,27.49997,27.49997,25.76004,26.05,35677800,3.21323
251,26.06001,26.33003,25.80999,26.07001,13153800,3.2157
252,25.90998,26.31002,25.79998,26.06001,8240500,3.21447
253,26.24998,26.30001,24.9,24.98998,14604400,3.08248
254,24.85997,25.25,24.72003,24.85997,10019300,3.06645
255,24.96997,25.50001,24.84996,25.03001,10720600,3.08742
256,24.99999,24.99999,23.81996,24.22,11164800,2.98751
257,23.90002,24.13002,23.47997,23.70004,9392800,2.92337
258,23.35996,23.81004,23.3,23.38998,7045000,2.88513
259,23.68003,24.18998,23.51999,24.18998,14496600,2.9838
260,24.25002,24.45,23.35003,23.36997,9334800,2.88266
261,23.18,23.84998,23.10002,23.3,7505700,2.87403
262,23.00003,23.00003,22.59999,22.76003,6796100,2.80742
263,22.99003,23.3,22.52002,23.3,7881600,2.87403
264,23.35003,23.76,23.13997,23.3,8045400,2.87403
265,23.39999,24.15003,23.33002,23.71997,12567200,2.92583
266,23.81996,23.92996,23.14998,23.3,7171200,2.87403
267,23.10002,23.84998,23.00003,23.57003,5184100,2.90733
268,23.51999,24.33,23.24004,24.00001,9102500,2.96037
269,23.78002,24.08999,22.61,22.62001,11634100,2.79015
270,21.85003,22.41002,21.63004,21.99998,7158800,2.71367
271,21.97996,22.44997,21.77998,21.85003,5009200,2.69517
272,22.15,22.43996,21.85003,22.22998,5003000,2.74204
273,22.44997,23.19,22.10997,22.30002,9202800,2.75068
274,22.55004,22.95,22.09997,22.09997,8134400,2.726
275,22.75002,23.49998,22.44997,23.14998,19065000,2.85552
276,23.58996,23.89001,21.85003,22.33997,25883500,2.75561
277,21.90999,23.23003,20.13003,23.04999,25841700,2.84319
278,22.79997,24.75998,22.59999,24.39997,34273400,3.00971
279,24.15003,24.36002,23.47004,24.21,20039800,2.98627
280,24.35001,24.98998,23.85999,24.36002,27401000,3.00478
281,24.13002,26.22996,24.02002,25.26001,51492500,3.11579
282,25.21998,26.10003,24.50996,24.50996,36084900,3.02327
283,24.40997,24.40997,22.58999,23.02997,28421100,2.84072
284,22.77003,23.25997,22.26,22.26,12560300,2.74574
285,22.20003,23.88,21.87997,23.67002,16816700,2.91967
286,23.59997,25.25,23.57003,24.56,29355600,3.02945
287,24.29998,27.02003,24.21,26.71998,80047600,3.29588
288,26.13998,27.48003,26.01998,27.02003,56821500,3.33289
289,27.48003,29.42003,26.66002,28.46,60248100,3.5105
290,28.05003,31.30998,28.04003,30.35996,84580400,3.74486
291,29.89996,31.61996,29.76002,30.03998,57194400,3.70539
292,29.06002,31.70002,29.06002,31.70002,53859300,3.91016
293,31.70002,31.9,30.00003,30.10002,58512900,3.7128
294,30.20001,31.48002,29.70999,30.20001,44595900,3.72513
295,29.92998,31.27996,29.51001,31.22,44162100,3.85095
296,31.61996,31.69001,29.72,29.90997,48867500,3.68936
297,29.95,32.89997,29.5,32.89997,69272700,4.05817
298,32.34999,32.95001,31.36002,31.36002,60889600,3.86822
299,31.23001,31.99999,30.01004,30.77001,36802500,3.79544
300,30.49998,31.13002,29.99002,30.80003,37947500,3.79914
301,30.81004,31.19999,29.79997,30.94997,39955000,3.81764
302,31.29998,31.49003,29.59999,29.91997,33463600,3.69059
303,29.84,30.31001,29.20996,29.59999,25280300,3.65112
304,29.00998,30.08001,27.90001,28.17996,35641300,3.47596
305,28.20998,28.75997,28.02001,28.52997,21002000,3.51914
306,28.19998,29.64002,28,29.12998,25865800,3.59315
307,29.11998,30.85999,29.11998,30.10002,34905700,3.7128
308,29.78004,30.61998,29.43996,30.08001,26190600,3.71033
309,30.01004,32.07996,29.79997,31.00001,41819400,3.82381
310,30.99,32.50001,30.32001,30.73999,43872200,3.79174
311,30.90002,33.30001,30.01004,33.14999,59660200,4.08901
312,32.91999,33.20002,30.80003,30.93004,44563800,3.81518
313,31.99999,34.02003,31.81001,33.11997,80057300,4.08531
314,32.50001,32.79998,30.97999,31.68,46541300,3.90769
315,31.29998,31.69001,28.8,28.99997,29060800,3.57711
316,28.50003,30.58004,28.30997,29.99002,31131900,3.69923
317,29.77003,32.55998,29.52002,31.95003,34613200,3.941
318,31.52998,35.07997,31.47002,32.59,78941200,4.01994
319,32.00999,33.69997,31.39997,31.60003,66966700,3.89782
320,31.74997,32.43997,30.3,30.51999,50371200,3.7646
321,30.51999,30.51999,30.51999,30.51999,0,3.7646
322,30.91002,31.52998,28.8,29.24999,74438000,3.60795
323,28.51003,29.70999,28,28.29004,63861100,3.48954
324,28,30.43001,27.71996,30.00003,56231700,3.70047
325,29.79997,31.86997,29.42003,31.24002,69315600,3.85342
326,31.1,32.25,30.50999,30.61998,50990900,3.77694
327,30.80003,32.57999,30.77001,31.37003,74775600,3.86945
328,30.83998,32.48,29.20003,32.38001,86754100,3.99403
329,31.9,32.49001,31.40997,31.94002,51948600,3.93976
330,32.02,32.37,29.69998,29.69998,62456600,3.66346
331,29.01999,29.55004,27.60997,27.70003,58151000,3.41676
332,27.67001,29.09997,27.49997,29.09004,43535200,3.58822
333,28.97996,29.40001,27.80002,28.09999,32261000,3.4661
334,28.46,29.33997,28.17003,28.37001,29500800,3.49941
335,28.46,29.33997,28.17003,28.37001,29500800,3.49941
336,28.46,29.33997,28.17003,28.37001,29500800,3.49941
337,28.49002,29.5,28.29997,28.40004,41257600,3.50311
338,27.90001,27.90001,26.05,27.2,45990800,3.35509
339,26.65002,28.37001,26.65002,28.17996,30303200,3.47596
340,28.29004,29.18002,27.62998,29.00998,32019000,3.57834
341,28.99997,30.44002,28.50003,29.89996,58221700,3.68812
342,29.87002,31.41998,29.65003,30.31001,53445200,3.7387
343,31.38003,32.27001,30.24004,30.3,73220400,3.73747
344,30.00003,30.39999,27.80002,27.96998,48827500,3.45006
345,27.10001,27.89,25.88004,26.10003,43947400,3.21941
346,26.10003,27.84997,25.87003,27.48996,36777800,3.39085
347,27.48996,27.70003,24.73997,24.73997,53321000,3.05164
348,23.88,24.54999,22.32997,23.59997,40074600,2.91103
349,24.00001,24.70002,23.85999,24.30999,26359400,2.99861
350,24.30999,24.30999,24.30999,24.30999,0,2.99861
351,24.30999,24.30999,24.30999,24.30999,0,2.99861
352,24.30999,24.30999,24.30999,24.30999,0,2.99861
353,24.30999,24.30999,24.30999,24.30999,0,2.99861
354,24.30999,24.30999,24.30999,24.30999,0,2.99861
355,24.40997,26.07001,24.40997,25.48,33349500,3.14293
356,25.31997,25.88004,24.84003,25.6,22163600,3.15773
357,25.30004,25.98003,24.9,25.03001,25678500,3.08742
358,25.19997,26.20002,25.19997,25.99004,35452700,3.20584
359,26.18001,26.45004,25.62002,26.37999,40353900,3.25394
360,26.37999,26.37999,26.37999,26.37999,0,3.25394
361,26.94998,27.98999,26.77002,26.79003,53906700,3.30452
362,26.52001,27.64999,26.20002,27.47003,34051000,3.38839
363,27.17999,28.40004,27.17999,27.71996,43220700,3.41922
364,27.49997,27.94996,27.31,27.60004,22328500,3.40443
365,27.80002,30.3,27.60997,29.59999,66529100,3.65112
366,29.38,30.27999,28.89998,29.70999,48245500,3.66469
367,29.67997,31.28997,29.20003,30.70004,59853500,3.78681
368,30.60998,31.56,30.38998,30.83998,42345100,3.80407
369,30.90002,33.91996,30.65,33.91996,84871300,4.18398
370,35.40004,37.26998,34.60004,35.83001,154671800,4.41959
371,35.50003,39.41003,35.41997,38.8,156816100,4.78593
372,39.19996,40.05,38.58001,39.50001,114415800,4.87228
373,39.18003,41.71996,38.8,39.99004,124315600,4.93272
374,39.50001,40.22003,38.91,39.30003,86231700,4.84761
375,39.42996,41.29999,39.34999,39.72,119470600,4.89941
376,39.6,41.68001,39.36,41.48996,87991800,5.11773
377,41.70003,42.05003,37.77001,38.15003,130571700,4.70576
378,38.04996,39.08997,37.67002,38.60003,59023000,4.76126
379,38.60003,38.60003,38.60003,38.60003,0,4.76126
380,38.99999,42.46,38.8,42.46,108892600,5.23739
381,42.79999,44.47996,42.52004,43.61,96669200,5.37924
382,43.35998,43.75001,41.57002,41.87999,69474600,5.16584
383,41.87999,42.62003,41.14996,42.20998,54392900,5.20655
384,43.31003,43.55004,41.05998,42.25001,57273100,5.21149
385,42.09999,46.48,41.58002,45.87998,91637500,5.65924
386,45.50004,46.26,43.90997,44.25997,75578200,5.45941
387,44.37997,45.25002,40.49999,41.29999,87265500,5.0943
388,41.80002,43.77003,40.91996,41.52999,75392000,5.12267
389,41.2,41.55,39.44998,41.51998,67456000,5.12144
390,41.2,41.37004,39.69999,40.75,49206200,5.02646
391,40.77002,42.95002,40.56003,41.10001,68189800,5.06963
392,41.21,41.35002,37.85999,38.89999,77722700,4.79827
393,38.50004,39.69999,38.25002,38.99999,39714000,4.8106
394,39.05002,39.66997,37.24996,37.59997,44465100,4.63791
395,36.96,38.68,36.61,37.70004,40907200,4.65025
396,38.01002,39.17002,37.51999,38.23001,43170200,4.71562
397,37.89001,39.28002,37.43001,37.87,57994700,4.67122
398,36.46998,36.95,35,35.75004,49316000,4.40972
399,35.7,36.22997,34.87999,35.79999,30158100,4.41588
400,35.79999,35.79999,35.79999,35.79999,0,4.41588
401,35.79999,35.79999,35.79999,35.79999,0,4.41588
402,35.79999,35.79999,35.79999,35.79999,0,4.41588
403,35.94001,39.38001,35.88998,39.25,69897400,4.84144
404,38.8,39.50001,38.68,39.38001,44597500,4.85747
405,38.87998,39.86002,38.20999,38.33,38135800,4.72796
406,38.02002,39.34999,36.61,39.25,50367400,4.84144
407,38.54999,39.57999,38.15003,38.8,39786100,4.78593
408,39.04001,39.38001,38.25002,39.18003,41664900,4.83281
409,39.18003,39.18003,39.18003,39.18003,0,4.83281
410,39.19996,41.90001,39.18003,39.71,72648500,4.89818
411,39.30003,39.30003,37.90002,38.39004,51596800,4.73536
412,38.45,39.18003,37.49998,39.15001,44844700,4.8291
413,38.69001,39.08997,37.97999,38.54999,29662900,4.75509
414,38.48002,39.48,38.20999,38.8,41285700,4.78593
415,38.8,38.8,38.8,38.8,0,4.78593
416,34.92002,36.44997,34.92002,34.92002,81933800,4.30734
417,34.89,34.89,32.42004,33.37999,66613500,4.11738
418,33.28,33.88002,32.86002,32.86002,30972300,4.05324
419,32.71,34.17998,32.71,33.80004,42647400,4.16919
420,33.80004,33.80004,33.80004,33.80004,0,4.16919
421,33.80004,33.80004,33.80004,33.80004,0,4.16919
422,34.06999,34.34002,32.67998,33.90003,40773500,4.18153
423,33.87001,35.58,33.32002,35.07997,45424900,4.32707
424,34.81002,36.38,34.76999,35.59001,40164800,4.38998
425,35.50003,37.12003,35.32999,37.10002,46998900,4.57624
426,37.00003,38.98998,36.5,36.55004,67549800,4.5084
427,36.01999,36.18002,35,35.13001,38219400,4.33324
428,35.54998,37.78001,35.50003,37.32001,50886400,4.60338
429,37.42,39.50001,36.79997,38.17997,62025100,4.70945
430,38.39997,39.62002,37.97999,38.25002,55890100,4.71809
431,37.77001,38.37003,37.27998,38.14003,27122200,4.70452
432,38.00001,39.63002,37.91002,38.70001,45423900,4.7736
433,38.64998,38.94002,37.49998,38.69001,34173900,4.77236
434,38.29998,39.15001,36.75001,36.75001,40009800,4.53307
435,36.61,36.97001,35.21999,35.71001,33060400,4.40478
436,35.95002,36.55997,35.75996,36.5,22230500,4.50223
437,36.98002,37.99,36.56997,37.25997,39961500,4.59597
438,37.3,37.84998,36.80998,37.34003,28508100,4.60585
439,37.10002,37.65,36.09004,36.59999,24663500,4.51456
440,36.31003,36.38,35.17996,36.12999,21763700,4.45659
441,36.11998,37.93004,35.89998,37.72998,36636800,4.65395
442,37.95998,39.39002,37.37998,38.95003,42272500,4.80444
443,38.8,41.89,38.51997,40.91004,54246800,5.0462
444,40.69997,42.99997,40.52001,41.00002,45610400,5.0573
445,40.41001,44.54001,40.11004,42.98997,63989000,5.30276
446,43.32003,44.80003,42.20998,44.01004,47114700,5.42858
447,44.18,44.90002,42.87997,43.24999,37035000,5.33483
448,44.00003,44.49998,41.29999,41.90001,61786000,5.16831
449,42.09999,46.08997,41.60004,46.08997,101904700,5.68514
450,46.31997,46.79998,44.70004,46.67998,70358100,5.75792
451,46.05002,48.87999,45.64998,46.99996,70517200,5.79739
452,24.01999,25.42,24.00001,24.57,51858900,5.83021
453,24.61999,26.57999,24.61,24.68002,73683300,5.85631
454,24.19998,24.99,22.81001,23.2,66791000,5.50512
455,23.11001,25.17998,22.99999,25.03001,73239400,5.93936
456,24.89002,26.09001,24.60001,25.06002,69341700,5.94648
457,24.85002,26.56001,24.65,25.58001,83983900,6.06987
458,25.29999,26.05001,24.83998,25.20001,51214200,5.9797
459,25.20001,25.20001,25.20001,25.20001,0,5.9797
460,24.82999,25.16,23.93,24.90001,40469000,5.90852
461,24.64001,24.95,22.99999,23.92001,42684300,5.67597
462,23.84999,24.60001,23.29999,23.33,33486500,5.53597
463,23.49001,23.5,22.19998,22.23998,44350300,5.27732
464,22.09999,23.87001,22.00001,23.70001,50110900,5.62377
465,23.80999,24.32998,23.54,24.09001,30394300,5.71631
466,24.10999,24.53,23.50999,24.47001,39554800,5.80648
467,24.49998,25.59999,24.35,24.85002,42282000,5.89665
468,24.70999,25.12999,24.26001,24.51001,27881300,5.81597
469,24.7,25.30998,24.00001,25.02002,38832600,5.93699
470,25.02002,25.29999,24.18999,24.18999,30741100,5.74004
471,23.76,24.06999,23.20999,23.46999,29055600,5.56919
472,23.41001,23.95002,23.25999,23.75001,18501300,5.63563
473,23.59999,26.00002,23.20999,25.58001,55242400,6.06987
474,25.50001,25.88001,24.91,25.23002,38986000,5.98682
475,24.87999,25.16999,23.79001,23.89999,46133600,5.67122
476,24.00001,25.47998,23.98998,25.38999,43540200,6.02478
477,25.17998,25.59999,24.30001,25.09998,36787900,5.95597
478,24.78,25.98998,24.78,25.15001,43968100,5.96784
479,25.03001,25.59,24.4,24.49998,33744400,5.81359
480,24.14999,24.73001,23.62001,24.40999,24245200,5.79224
481,24.06,24.48999,23.68998,24.08002,22303800,5.71394
482,24.14999,25.47998,24.1,24.77001,50629500,5.87767
483,24.44999,25.76,24.44999,25.16,46047700,5.97021
484,25.41001,27.3,25.08,26.82001,82725100,6.36411
485,26.82001,26.98002,24.14,24.4,72217700,5.78987
486,24.00001,24.18999,22.95999,22.98001,52864200,5.45292
487,22.99,23.93999,22.97002,23.42999,31128600,5.55969
488,23.29999,23.89999,23.14002,23.46999,27789100,5.56919
489,23.64998,24.61999,23.33999,24.60001,40697100,5.83733
490,24.4,25.47998,24.1,25.08,38750300,5.95123
491,25.11001,25.75001,24.73001,25.34999,43421200,6.01529
492,25.07001,25.29999,24.70999,24.90001,27076200,5.90852
493,24.90001,25.34,24.49998,25.09998,28993800,5.95597
494,25.21999,25.38,24.49998,24.64001,25151400,5.84682
495,24.57999,24.57999,23.89999,23.93999,23021400,5.68071
496,23.89,24.65999,23.89,24.65999,25752700,5.85156
497,24.59002,24.61,23.91002,23.97,17381000,5.68783
498,23.96001,24.23,23.03,23.29,19386300,5.52648
499,23.44002,23.89999,23.28001,23.57002,13073800,5.59292
500,23.57002,23.95002,23.25999,23.79001,17953300,5.64512
501,23.79001,24.78999,23.64998,24.76002,35842200,5.8753
502,24.82,25.21,24.4,24.53998,32487300,5.82309
503,24.78,25.17998,24.57999,24.79998,27621100,5.88478
504,24.72002,24.72002,23.04998,23.08,37609600,5.47664
505,23.24001,23.68998,23.10002,23.15001,15624900,5.49326
506,23.27002,23.74002,22.65999,23.40002,19828600,5.55258
507,23.32001,23.64998,23.10002,23.12,16210300,5.48614
508,22.98001,23.37,20.81,20.99998,33527200,4.98308
509,21.01002,21.37999,20.52,21.07,17969600,4.99969
510,21.08998,22.21001,20.82998,22.00001,24181300,5.22038
511,22.05,22.65999,21.67999,21.75999,19920100,5.16342
512,21.58,22.53998,21.32001,22.23998,18403200,5.27732
513,22.48999,22.77001,22.22,22.44,13380500,5.32478
514,22.56,23.66001,22.56,23.32001,31710200,5.5336
515,23.33,23.59,23.10002,23.21998,19322500,5.50986
516,23.40002,23.58001,23.19001,23.5,29490700,5.57631
517,23.59,23.68998,22.65,23.20999,25138700,5.50749
518,23.2,23.2,22.67002,22.68001,14836000,5.38173
519,22.72001,22.99,21.91001,22.68001,17389900,5.38173
520,22.68001,22.68001,22.68001,22.68001,0,5.38173
521,22.68001,22.68001,22.68001,22.68001,0,5.38173
522,22.68001,22.68001,22.68001,22.68001,0,5.38173
523,23.5,23.89,22.63002,22.80002,56813700,5.41021
524,22.50002,22.50002,20.61998,21.16,29390400,5.02105
525,20.69999,21.36001,20.39999,20.74998,17160900,4.92376
526,20.63001,21.12998,19.52001,19.83,21520500,4.70546
527,19.71,19.91001,18.80001,18.92002,19647300,4.48952
528,18.92002,19.93998,18.92002,19.45,21851900,4.61528
529,19.49,19.66,19.23001,19.48001,19576400,4.62241
530,19.48001,19.48001,19.48001,19.48001,0,4.62241
531,19.48001,19.48001,19.48001,19.48001,0,4.62241
532,19.48001,19.48001,19.48001,19.48001,0,4.62241
533,19.48001,19.48001,19.48001,19.48001,0,4.62241
534,19.48001,19.48001,19.48001,19.48001,0,4.62241
535,19.53,20.29001,19.49999,19.83999,15569000,4.70783
536,19.91001,20.95998,19.91001,20.94,21322200,4.96885
537,20.81,21.29998,20.73999,21.14001,17788200,5.01631
538,20.94,20.99998,20.46001,20.52,15000200,4.86918
539,20.69999,21.28999,20.17,20.68001,14799100,4.90715
540,20.80001,20.9,20.13999,20.65998,10422100,4.9024
541,20.55001,20.77,20.27998,20.34001,12381300,4.82647
542,20.3,20.64999,20.12001,20.47999,11847700,4.85969
543,20.43999,20.74998,20.31998,20.74998,20166700,4.92376
544,20.69999,20.88002,20.39999,20.42001,12523900,4.84546
545,20.43,20.81,20.42001,20.71002,18485200,4.91427
546,20.86999,20.97001,20.51001,20.56999,14044500,4.88105
547,20.71002,20.73,20.21001,20.30999,9982800,4.81935
548,20.20002,20.3,19.27001,19.27001,19273000,4.57257
549,19.23001,19.46998,19.02,19.07999,10048800,4.52748
550,19.06001,19.74001,19.06001,19.37998,10476900,4.59867
551,19.37998,19.79999,19.19,19.39002,11771300,4.60105
552,19.57001,19.65001,19.28,19.50998,9951700,4.62952
553,19.65001,19.87001,19.37998,19.75999,16234700,4.68884
554,19.71999,19.79999,19.20998,19.41999,14440200,4.60816
555,19.31001,19.46998,19.07999,19.10001,10347700,4.53223
556,19.02999,19.15999,18.17999,18.58002,16168600,4.40885
557,18.59001,18.93001,18.52998,18.88001,10087200,4.48003
558,18.63001,19.44001,18.20001,18.99998,20331100,4.5085
559,19.03998,19.15,18.43,18.47,9353700,4.38274
560,18.41002,18.51999,17.78001,18.04,14288600,4.28071
561,18.17999,19.83999,18.17999,18.93001,39689200,4.4919
562,18.94999,18.97001,17.91,18.30999,20064700,4.34477
563,18.05998,18.29001,17.78001,17.94002,11998200,4.25698
564,17.95001,18.47,17.49999,18.09998,14101900,4.29494
565,18.17,18.17,17.60001,18,8596300,4.27121
566,18,18.13999,17.79999,17.83,6480800,4.23087
567,17.70999,17.98002,17.07998,17.56001,15896700,4.16681
568,17.45,17.45,16.59999,16.75001,16482900,3.97461
569,16.76,16.85999,16.40002,16.49002,13130400,3.91291
570,16.42999,16.76999,16.12,16.46999,12916500,3.90816
571,16.25,16.43998,15.38002,15.4,17528700,3.65426
572,15.38002,15.38002,14.54999,14.59999,18579200,3.46443
573,14.59999,14.89,14.10002,14.2,13437500,3.36951
574,14.2,14.47998,14.14002,14.45001,12114200,3.42884
575,14.42999,14.47998,13.90999,13.90999,10542800,3.3007
576,14.08999,15.11998,14.06001,14.78002,23180500,3.50715
577,14.59,15.75998,14.59,15.35,29668100,3.6424
578,15.30001,15.59002,15.14999,15.26001,14979000,3.62104
579,15.21002,15.89002,15.08002,15.79998,19767900,3.74917
580,15.77001,16.15001,15.49998,16.04999,21036300,3.8085
581,15.90001,16.16,15.69001,15.82,14509000,3.75392
582,15.74999,16.02002,15.61999,15.78,10915100,3.74443
583,15.7,16.08999,15.59002,15.65999,11322300,3.71595
584,15.59002,16.36002,15.55002,16.30998,21877500,3.87019
585,16.34999,16.58001,16.06002,16.32002,15998700,3.87257
586,16.33,16.89999,16.29,16.56998,23177600,3.93189
587,16.67001,17.37998,16.67001,17.00002,21797300,4.03393
588,17.05001,17.07998,16.64998,16.89999,16518600,4.01019
589,16.79001,17.69001,16.79001,17.49999,23788900,4.15257
590,17.60001,17.66999,17.31001,17.4,12737300,4.12884
591,17.4,17.83999,17.32999,17.56001,16162400,4.16681
592,17.56001,18.88001,17.53999,18.63001,30440100,4.42071
593,18.65998,19.19,18.39998,18.51,22117100,4.39223
594,18.52998,18.94999,18.38,18.79002,14209600,4.45868
595,18.88001,19.13002,18.51,18.79002,16013600,4.45868
596,18.79002,18.79002,18.79002,18.79002,0,4.45868
597,18.79002,18.79002,18.79002,18.79002,0,4.45868
598,18.79002,18.79002,18.79002,18.79002,0,4.45868
599,18.92002,18.99998,17.90001,18.15002,19980700,4.30681
600,18,18.51999,17.62,18.47999,18910400,4.38511
601,18.45002,18.76001,18,18.51999,17985000,4.3946
602,18.51999,18.94999,18.38,18.68999,17694100,4.43494
603,18.55999,19.71999,18.55999,19.71999,35111600,4.67935
604,19.71,20.18998,19.07999,19.23001,28359100,4.56308
605,19.11999,20.17,19.07,19.96999,22061900,4.73867
606,20.13,20.80001,19.97998,20.17,19802900,4.78613
607,20.3,21.59998,20.25001,20.94,31613400,4.96885
608,20.73,21.15001,20.39999,20.52,16825000,4.86918
609,20.50002,20.85001,20.20002,20.68001,15484500,4.90715
610,20.77,22.22,20.42001,21.76998,31979300,5.16579
611,21.93998,22.16002,21.29998,21.59998,29480700,5.12545
612,21.35002,21.87001,20.80001,21.31002,19611000,5.05665
613,21.08998,21.83001,19.95001,20.80001,32925300,4.93563
614,20.65998,20.86,20.21001,20.47999,15575900,4.85969
615,20.84002,21.38998,20.69999,21.07999,20554100,5.00206
616,21.28999,21.78001,20.99998,21.74001,20841300,5.15868
617,21.8,21.92,21.29998,21.45,19102400,5.08986
618,21.58,21.87001,20.55001,20.68001,21418900,4.90715
619,20.6,20.97001,20.34001,20.81,12220100,4.938
620,20.99998,21.24,19.84998,20.22999,17937600,4.80037
621,19.91001,20.56,19.90002,20.22999,11110500,4.80037
622,20.31998,20.64999,20.26999,20.54002,11921400,4.87393
623,20.54002,21.33,20.43,21.25998,18239500,5.04477
624,21.10001,21.70001,20.89001,21.48002,20259000,5.09699
625,21.48002,21.48002,21.48002,21.48002,0,5.09699
626,21.48002,21.48002,21.48002,21.48002,0,5.09699
627,21.48002,21.48002,21.48002,21.48002,0,5.09699
628,21.48002,21.48002,21.48002,21.48002,0,5.09699
629,21.48002,21.48002,21.48002,21.48002,0,5.09699
630,21.70001,22.57998,21.24999,22.44999,32468800,5.32715
631,22.39999,22.57998,21.88,22.21001,19453300,5.27021
632,22.17001,23.29999,22.17001,23.03999,24602200,5.46715
633,22.9,23.5,22.10998,22.19998,30099100,5.26783
634,22.25001,22.95,22.19998,22.42001,15769300,5.32004
635,22.35,23.45001,22.35,23.37,20716100,5.54546
636,23.34998,24.35999,23.11001,23.47998,28992100,5.57156
637,23.62001,24.09001,22.99999,23.76999,16230000,5.64037
638,24.19998,24.96998,23.88001,24.1,23452100,5.71868
639,23.89999,25.34999,23.8,25.12999,27972500,5.96309
640,25.16999,25.47998,24.49998,25.40002,28954400,6.02716
641,25.49002,26.57999,24.49998,26.45998,26539400,6.27868
642,26.65001,29.08001,26.19999,28.45999,38246600,6.75326
643,28.58,29.09999,26.60001,27.65998,36146200,6.56343
644,27.80001,28.18001,25.85,26.19999,37782100,6.21699
645,25.88001,26.79,25.51,26.30002,16713200,6.24072
646,26.18001,26.77002,24.79998,25.24001,23972600,5.98919
647,25.13998,25.50001,24.60001,25.15001,15219400,5.96784
648,25.02002,25.59999,24.99999,25.32001,14968700,6.00818
649,25.34999,27.6,25.21,26.91999,29307100,6.38784
650,27.09998,28.19999,26.83,27.99998,36665100,6.64411
651,28.19999,28.41,26.83,27.07001,23073900,6.42343
652,27.07001,28.19,26.87999,27.94,20769800,6.62987
653,27.94999,29,27.71001,28.82001,27169000,6.83869
654,28.60002,29.39,28.10001,28.10001,20202000,6.66784
655,28.07998,28.49,27.12001,28.39002,20621900,6.73666
656,28.10001,28.45999,27.50001,28.02999,18547300,6.65123
657,27.99998,28.28999,27.3,27.64999,14753700,6.56106
658,27.20001,27.3,24.89002,26.00002,22665900,6.16954
659,26.05001,26.92998,26.01001,26.34002,16556300,6.25021
660,26.35001,27.55999,26.19999,27.38999,13825100,6.49936
661,27.80001,28.18001,25.88001,26.36999,28283300,6.25733
662,26.15,26.19999,24.78,25.03001,28463100,5.93936
663,25.03001,25.03001,25.03001,25.03001,0,5.93936
664,25.03001,25.03001,25.03001,25.03001,0,5.93936
665,24.90001,26.85002,24.43001,26.75998,24310200,6.34987
666,26.79999,28.13002,26.32999,27.6,25488300,6.54919
667,27.49002,27.80001,26.60001,27.47999,13930700,6.52072
668,27.69998,28.75,27.29001,27.6,21933200,6.54919
669,27.60999,27.94,26.91999,27.04999,14547700,6.41868
670,27.29001,27.29001,26.19999,27.17,9697800,6.44716
671,26.54998,27.77,26.54998,27.76001,13262900,6.58716
672,27.69998,29.20002,27.55,28.88,32296100,6.85293
673,28.67998,30.46998,28.49999,29.98999,40690900,7.11632
674,29.99998,32.16999,29.6,31.56999,39468100,7.49123
675,31.25001,34.55999,31.01,34.50999,52277700,8.18887
676,34.5,34.85,33.06,33.90001,41315100,8.04412
677,34.20001,36.89,33.99999,36.89,48486900,8.75362
678,37.10001,38.20001,33.19998,33.35999,66338200,7.91598
679,33.61,35.68002,32.41001,35.36999,63564600,8.39293
680,35.36999,35.36999,35.36999,35.36999,0,8.39293
681,35.36999,35.36999,35.36999,35.36999,0,8.39293
682,35.36999,35.36999,35.36999,35.36999,0,8.39293
683,35.4,38,35.02999,37.45,47272200,8.8865
684,37.60002,39.14001,36.59999,38.42001,41693300,9.11667
685,38.39999,39.45,37.22002,38.64999,40762000,9.17124
686,38.25001,38.44998,36.72,37.36999,30959800,8.86751
687,39.96999,41.11001,38.09999,41.11001,88313800,9.75498
688,42.91982,45.22007,42.79985,45.22007,104604900,10.73026
689,43.99993,44.55002,41.5,43.7901,83725700,10.39094
690,43.00008,45.54988,42.79985,43.99993,47468500,10.44073
691,43.59991,43.59991,39.59998,39.59998,79672800,9.39667
692,38.99998,42.65982,38.85001,42.29993,61621400,10.03734
693,41.53001,43.64003,40.30001,42.81992,63834100,10.16073
694,42.10012,44.10987,41.55998,42.67989,37175500,10.1275
695,42.57999,46.95017,42.42992,46.19987,62894500,10.96275
696,45.79984,48.2698,44.58012,47.70007,47709300,11.31873
697,45.60003,46.74996,43.99993,45.07001,47601000,10.69465
698,44.89989,46.68015,43.59991,44.35022,33322100,10.52385
699,44.65996,46.36999,44.39996,45.69994,29045100,10.84412
700,46.40009,47.69003,45.69994,46.35996,23309400,11.00074
701,46.35996,46.35996,46.35996,46.35996,0,11.00074
702,43.80013,45.29991,42.51018,44.18009,48250600,10.48348
703,43.84987,46.49999,42.57999,42.57999,50730300,10.10379
704,41.70001,42.39983,40.40998,41.17998,43617500,9.77158
705,41.59999,42.50015,40.69999,41.95006,27123000,9.95432
706,41.85977,41.85977,37.75999,39.24999,47424300,9.31362
707,20.99,21.68001,20.62001,20.97999,29293400,9.50947
708,20.73999,23.07008,20.73999,22.46992,63784100,10.18481
709,22.48004,24.0999,22.13002,23.95998,59076200,10.8602
710,23.95998,23.95998,23.95998,23.95998,0,10.8602
711,23.95998,23.95998,23.95998,23.95998,0,10.8602
712,23.95998,23.95998,23.95998,23.95998,0,10.8602
713,23.80004,26.35996,22.74998,26.35996,77178200,11.94802
714,25.49998,28.99996,25.49998,28.31004,81996900,12.83192
715,28.6,29.85994,26.97992,27.5,103618800,12.46476
716,27.19992,28.90008,26.64002,28.31994,62319000,12.83641
717,27.80008,29.45008,27.1601,27.3999,64131700,12.41939
718,26.55004,28.36988,26.20002,26.71988,48129900,12.11116
719,26.00004,26.55004,24.57994,26.00004,53065800,11.78488
720,26.00994,26.18,23.40008,23.40008,49328700,10.60641
721,22.19998,25.1999,21.06001,24.75,96135900,11.21828
722,24.00992,27.23006,23.91004,27.23006,91729500,12.34241
723,27.63002,28.29992,25.49998,26.5001,85043500,12.01154
724,25.9501,27.19002,25.36006,25.9501,53009800,11.76225
725,25.9501,27.56996,25.38008,27.34996,61762500,12.39675
726,27.36008,29.8001,27.10004,29.02988,79860700,13.1582
727,29.12008,31.92992,28.27,31.92992,111444200,14.47268
728,32.40006,33.13992,31.06994,31.58012,82723800,14.31413
729,31.50004,32.7899,28.99996,28.99996,70183300,13.14464
730,28.00006,30.7901,27.14008,30.33998,74263700,13.75202
731,30.18004,31.35,29.39992,31.08006,61598300,14.08747
732,30.6999,31.76008,29.94992,30.1499,62788900,13.66586
733,30.29994,31.39994,28.99996,30.95994,61183300,14.03303
734,30.69,32.86998,30.49992,31.19996,75880800,14.14182
735,31.30006,32.29996,30.55998,32.05004,60376000,14.52713
736,32.25992,33.97988,32.25992,32.80992,54979800,14.87156
737,32.8999,33.17006,31.26992,32.13012,58814900,14.56343
738,31.87008,32.60004,31.19996,31.32008,39322300,14.19626
739,31.32008,32.71994,30.60002,30.99998,53392100,14.05118
740,30.4601,31.87998,30.1499,31.6899,38809600,14.36389
741,31.61004,32.36992,31.19996,31.94994,40408900,14.48176
742,32.40006,34.2001,32.18006,33.52998,66507600,15.19793
743,33.59994,33.59994,30.40004,30.42006,71727900,13.78832
744,30.40004,31.04992,28.88006,30.16992,45438900,13.67494
745,29.41994,30.60992,28.99996,29.06992,27134200,13.17635
746,28.99996,29.59,26.53002,28.00006,36507100,12.69142
747,27.89996,28.49,27.19992,27.54994,22504300,12.4874
748,27.69998,29.72002,27.47998,29.39002,39147800,13.32144
749,29.67008,30.51004,29.19994,29.48,34118700,13.36222
750,29.08994,29.7099,28.00006,28.90008,31928700,13.09937
751,28.79008,29.78008,28.79008,29.45008,27813600,13.34866
752,29.65006,29.89998,28.09994,28.13998,29317200,12.75484
753,28.00006,28.75004,27.47998,28.29992,25992800,12.82733
754,28.18002,28.57998,27.08992,27.47998,24233700,12.45569
755,27.30992,27.92988,26.02006,26.66004,34169600,12.08404
756,26.81008,29.32996,26.81008,29.32996,50180200,13.29422
757,29.8001,30.64996,28.88006,30.20996,64667000,13.69309
758,30.00008,30.2599,29.34998,29.65996,28000200,13.44379
759,29.23008,31.52006,28.99996,29.96004,51379600,13.57981
760,29.45008,30.84994,29.12008,30.44998,35088400,13.80188
761,30.8,31.39994,29.85994,30.66008,31008500,13.89711
762,30.66008,30.8,29.67998,29.87006,26817900,13.53902
763,29.94992,31.35,29.65006,30.7901,43342600,13.95604
764,30.8,32.73006,30.53006,31.9,59487300,14.45912
765,31.32998,32.49994,31.1399,31.83994,35393100,14.4319
766,31.83994,31.83994,31.83994,31.83994,0,14.4319
767,31.83994,31.83994,31.83994,31.83994,0,14.4319
768,31.83994,31.83994,31.83994,31.83994,0,14.4319
769,31.83994,31.83994,31.83994,31.83994,0,14.4319
770,31.83994,31.83994,31.83994,31.83994,0,14.4319
771,31.83994,31.83994,31.83994,31.83994,0,14.4319
772,31.83994,31.83994,31.83994,31.83994,0,14.4319
773,31.83994,31.83994,31.83994,31.83994,0,14.4319
774,31.83994,31.83994,31.83994,31.83994,0,14.4319
775,31.83994,31.83994,31.83994,31.83994,0,14.4319
776,31.83994,31.83994,31.83994,31.83994,0,14.4319
777,31.83994,31.83994,31.83994,31.83994,0,14.4319
778,31.83994,31.83994,31.83994,31.83994,0,14.4319
779,31.83994,31.83994,31.83994,31.83994,0,14.4319
780,31.83994,31.83994,31.83994,31.83994,0,14.4319
781,31.83994,31.83994,31.83994,31.83994,0,14.4319
782,31.83994,31.83994,31.83994,31.83994,0,14.4319
783,31.83994,31.83994,31.83994,31.83994,0,14.4319
784,31.83994,31.83994,31.83994,31.83994,0,14.4319
785,31.83994,31.83994,31.83994,31.83994,0,14.4319
786,31.83994,31.83994,31.83994,31.83994,0,14.4319
787,31.83994,31.83994,31.83994,31.83994,0,14.4319
788,31.83994,31.83994,31.83994,31.83994,0,14.4319
789,31.83994,31.83994,31.83994,31.83994,0,14.4319
790,31.83994,31.83994,31.83994,31.83994,0,14.4319
791,31.83994,31.83994,31.83994,31.83994,0,14.4319
792,31.83994,31.83994,31.83994,31.83994,0,14.4319
793,31.83994,31.83994,31.83994,31.83994,0,14.4319
794,31.83994,31.83994,31.83994,31.83994,0,14.4319
795,35.02004,35.02004,35.02004,35.02004,1575200,15.87332
796,38.52002,38.52002,38.52002,38.52002,1068600,17.45974
797,42.37002,42.37002,41.11008,42.37002,109525300,19.2048
798,42.37002,42.37002,42.37002,42.37002,0,19.2048
799,39.95002,45.36994,39.11006,42.57,77025000,19.29545
800,43.0001,46.57004,41.99998,44.19998,53739600,20.03426
801,44.19998,45.65,40.32006,43.80002,53808400,19.85297
802,43.80002,45.80004,42.59992,43.02012,43291100,19.49947
803,42.10008,47.32002,42.10008,47.32002,51760200,21.44846
804,48.48008,52.05002,47.52,51.30004,48740100,23.25246
805,50.44996,51.30004,46.17008,46.17008,37140900,20.92724
806,42.7999,43.25992,41.55008,41.55008,64806800,18.83316
807,41.55998,43.38994,40.50002,41.92012,34858800,19.00088
808,41.62994,41.93002,37.73,37.90006,62818300,17.17873
809,37.00994,41.60002,36.03996,40.72002,53957700,18.45692
810,41.07994,42.83004,37.97992,41.95004,53004600,19.01444
811,41.09006,42.17004,39.79998,40.72002,32757200,18.45692
812,40.19994,40.21006,36.65002,36.72988,37397200,16.64833
813,35.86,38.2701,34.56002,36.74,33515900,16.65292
814,36.74,37.11994,35.3001,35.48996,23753600,16.08632
815,35.24994,38.92988,34.51008,38.6001,34835800,17.49604
816,38.5,38.85992,36.56994,36.83988,29799300,16.69819
817,36.58006,39.29992,36.25006,37.77994,28922800,17.12429
818,37.20002,41.11998,36.65002,39.42994,38771300,17.87217
819,39.20004,39.42004,37.66994,37.90006,22887000,17.17873
820,38.01006,39.29002,37.15008,38.25008,23334600,17.33738
821,38.12006,41.16992,37.90006,38.91008,34363600,17.63654
822,38.5,41.99008,38.30002,41.31996,38525400,18.72885
823,41.1499,42.59992,40.76996,40.89998,33553500,18.53849
824,41.55998,42.94004,40.85994,41.66008,26773200,18.88301
825,41.99998,43.38994,41.55998,42.37992,28720500,19.20929
826,42.47012,42.68,40.85004,41.93002,27478800,19.00537
827,41.58,42.6701,41.03,41.75006,21462400,18.9238
828,41.95004,42.37002,39.99996,40.78008,21134900,18.48414
829,40.78008,40.78008,39.11006,39.40002,20570800,17.85861
830,39.00006,40.52004,38.85002,39.49,18342700,17.8994
831,39.07992,42.37992,39.07992,41.38002,30655100,18.75607
832,41.4799,42.7999,41.20006,41.73004,24437700,18.91473
833,41.42996,43.51996,41.40004,42.94994,32249200,19.46766
834,41.00008,41.20006,38.65994,38.65994,38968000,17.52316
835,35.90004,37.68006,34.78992,37.09992,38787100,16.81606
836,37.00004,37.95,35.50998,35.59006,26425300,16.13169
837,35.2,35.75,32.09998,32.47992,55828200,14.72198
838,32.62996,33.8899,32.27994,33.30008,30514600,15.09373
839,33.4499,35.35994,33.1001,34.96988,32146500,15.85059
840,35.02004,35.61998,34.5499,34.91994,21781600,15.82795
841,35.28008,38.41002,35.28008,38.41002,56769000,17.40988
842,37.99994,41.18004,37.90006,39.79998,48876800,18.0399
843,39.51002,41.18004,38.89996,39.6,34659700,17.94925
844,39.09994,41.00008,39.09994,40.08004,28549700,18.16684
845,40.01008,40.34998,37.09992,37.79996,31173900,17.13336
846,37.88004,38.36998,35.81996,38.14998,22773300,17.29201
847,38.14998,38.14998,38.14998,38.14998,0,17.29201
848,38.14998,38.14998,38.14998,38.14998,0,17.29201
849,38.14998,38.14998,38.14998,38.14998,0,17.29201
850,38.14998,38.14998,38.14998,38.14998,0,17.29201
851,38.14998,38.14998,38.14998,38.14998,0,17.29201
852,39.79998,41.77998,38.52002,39.79998,39848700,18.0399
853,39.00006,41.67988,38.80008,40.01008,28510600,18.13513
854,39.95002,41.31006,39.44006,39.66006,27664500,17.97648
855,39.49,41.25,38.51012,40.8001,37365800,18.49322
856,40.8001,40.8001,40.8001,40.8001,0,18.49322
857,40.87996,44.88,40.71012,44.88,52238600,20.34249
858,46.50008,47.1999,45.29998,46.0999,48892300,20.89542
859,46.3001,48.24996,45.07008,45.22012,45215600,20.49665
860,44.81004,46.62988,43.0001,46.00002,37604800,20.85015
861,47.01994,50.6,46.81996,50.6,52706000,22.93516
862,50.68998,51.98996,48.02996,48.18,48800200,21.83826
863,47.87992,50.66006,47.3,48.18,38532500,21.83826
864,48.20002,49.91008,47.47996,49.29012,34057900,22.34144
865,49.0501,50.00006,47.54992,49.80998,27409000,22.57707
866,49.5,51.52004,48.88004,51.52004,33450300,23.35218
867,52.18994,52.55008,46.62988,46.90004,50718400,21.2581
868,47.3,51.50002,46.00002,51.21006,48844600,23.21168
869,50.57998,50.7001,47.71998,49.01006,31585600,22.2145
870,48.11004,50.4999,48.00004,49.80008,28184400,22.57258
871,49.41002,50.99996,47.78004,49.39,35365100,22.38671
872,49.5,54.32988,49.45996,54.32988,69020100,24.62578
873,53.96006,54.20998,52.67988,53.48002,39241800,24.24057
874,52.60002,55.50006,51.78008,52.1499,42967600,23.63767
875,51.5999,52.33998,49.6001,51.10006,30466900,23.16182
876,51.5999,52.59012,50.09994,52.29994,34795000,23.70568
877,51.7,53.59992,50.47988,51.39992,29126600,23.29773
878,51.39992,51.39992,51.39992,51.39992,0,23.29773
879,51.39992,51.39992,51.39992,51.39992,0,23.29773
880,51.39992,51.39992,51.39992,51.39992,0,23.29773
881,51.39992,51.39992,51.39992,51.39992,0,23.29773
882,50.95002,52.51994,49.78006,52.33008,20438300,23.71934
883,52.71992,53.32008,50.77006,51.81,25232500,23.48361
884,51.61002,54.24012,49.80008,51.49012,30589800,23.33862
885,50.4999,52.00008,48.90006,49.92988,30408400,22.63142
886,49.80008,50.33006,46.46004,46.6499,36881800,21.14472
887,46.13994,47.47006,45.1,46.88002,27390100,21.24902
888,47.10002,48.33004,46.26006,48.00004,30603600,21.75669
889,47.76992,48.99004,46.99992,47.76992,23867200,21.65238
890,47.89994,48.35996,46.02004,46.88002,18597500,21.24902
891,46.68004,46.68004,44.68002,44.90002,28070500,20.35156
892,44.50006,46.48996,44.50006,46.28998,21945800,20.98158
893,46.50008,50.6,46.26006,49.74992,50214200,22.54985
894,49.5,51.94992,47.47006,47.78994,43187000,21.66146
895,47.3,50.7001,44.9999,50.49,40920100,22.8853
896,52.18004,52.58,49.01006,49.3999,41616800,22.3912
897,49.3999,49.3999,49.3999,49.3999,0,22.3912
898,49.3999,49.3999,49.3999,49.3999,0,22.3912
899,50.09994,50.73992,46.61008,46.90004,37471300,21.2581
900,47.05008,47.56994,45.80004,46.15006,23130900,20.91816
901,46.00002,46.0999,41.6999,44.19998,39785300,20.03426
902,43.80002,44.96998,41.95004,42.70992,32374000,19.35887
903,42.02,43.29996,41.45988,43.14992,29177800,19.5583
904,42.5799,43.5501,41.77008,42.70992,19446700,19.35887
905,42.48992,46.9799,42.39994,45.91994,53416500,20.81386
906,45.65,47.16998,45.40008,46.57994,22692700,21.11301
907,46.90004,46.90004,44.9999,45.14994,18487600,20.46484
908,44.99,47.16008,44.99,47.08,21760800,21.33967
909,47.05008,47.14996,45.99012,46.88002,20767000,21.24902
910,46.90004,47.71008,46.50008,47.14996,24057600,21.37138
911,46.88992,46.94998,43.0001,43.79012,23089900,19.84848
912,43.38004,43.49994,40.87996,43.27994,26384300,19.61724
913,39.99996,41.49992,39.99996,40.78998,37292000,18.48863
914,40.3799,41.40004,39.40002,40.19994,27543800,18.22118
915,40.26,41.49992,40.26,40.89998,21240400,18.53849
916,40.94002,41.42996,38.37988,39.13008,21532800,17.73626
917,39.18992,39.57008,35.70006,36.80006,31192700,16.68014
918,36.69006,37.59998,36.16008,37.35006,20078800,16.92944
919,37.51,38.28,37.13006,37.81008,15235800,17.13795
920,38.14008,38.52002,36.09012,37.68996,19883600,17.0835
921,37.79996,38.5,37.26008,37.81008,17790300,17.13795
922,37.35006,38.52002,36.7499,38.21994,17439500,17.32372
923,38.21994,38.21994,38.21994,38.21994,0,17.32372
924,36.67994,37.95,35.94008,37.55994,23768200,17.02457
925,37.99994,39.40002,37.99994,38.89996,22809500,17.63195
926,39.29992,39.33996,38.36008,38.47998,26034700,17.44159
927,37.59998,38.89006,36.87992,38.54004,18528800,17.46881
928,38.6001,39.88006,38.45006,38.58008,17445500,17.48696
929,38.3999,39.44996,38.34996,39.00006,14949800,17.67732
930,39.05,39.33006,38.19992,38.78006,11465900,17.57761
931,38.80008,39.68008,38.6001,39.00006,13632100,17.67732
932,38.65004,39.64004,38.58998,38.98004,11709700,17.66825
933,38.5,39.6,38.30002,38.89996,14214700,17.63195
934,39.00006,39.31004,35.79994,35.99002,32058500,16.31298
935,35.79994,36.3,33.81004,34.62998,27296500,15.69652
936,34.7501,37.99994,34.01002,37.07,30941800,16.8025
937,36.60008,36.93998,34.98,35.39998,23101600,16.04554
938,35.00002,36.3,34.58004,34.93996,25121200,15.83703
939,35.04996,35.75,34.45002,35.3001,18708100,16.00026
940,35.39998,36.10002,35.21012,35.57994,15230200,16.12711
941,35.57994,35.57994,35.57994,35.57994,0,16.12711
942,35.57994,35.57994,35.57994,35.57994,0,16.12711
943,35.70006,36.31012,35.11992,36.23994,16079700,16.42626
944,36.3,38.19992,36.01994,37.22994,31630500,16.87499
945,37.00004,37.70008,36.58006,36.65992,16112000,16.61662
946,36.3,37.04998,36.27008,36.45004,10480000,16.52149
947,36.56994,36.78004,34.40008,34.54,24827000,15.65574
948,34.76,35.6499,34.49996,35.35004,12465700,16.0229
949,35.6499,38.69008,35.44992,36.69996,28144000,16.63477
950,36.4001,37.20002,36.12994,36.89004,11502500,16.72093
951,37.00004,37.73,36.60008,36.9501,16972000,16.74815
952,36.76992,37.20002,35.0999,35.90994,17638900,16.27668
953,37.20002,37.79996,36.25996,37.05988,23736500,16.79791
954,37.70008,39.31994,37.62,38.69998,40403200,17.54131
955,38.5,39.09004,38.01006,38.87994,17222500,17.62288
956,39.11996,41.40994,39.09994,40.2501,35368900,18.24392
957,40.19994,41.99998,39.55006,41.9001,32488400,18.99181
958,42.2499,42.50004,41.20006,41.9001,25292600,18.99181
959,41.88008,41.95994,40.74994,40.98996,18958900,18.57927
960,40.85004,42.24,40.85004,41.86006,17372700,18.97366
961,41.88008,41.95994,39.71,40.0499,23422500,18.15318
962,40.01008,41.26012,39.6,40.89998,13738100,18.5706
963,40.89998,40.89998,40.89998,40.89998,0,18.5706
964,40.72002,41.78988,40.72002,41.16002,15194000,18.68867
965,41.44008,42.68,41.00998,42.50994,25134700,19.3016
966,43.05004,45.87,42.68,45.63988,36661600,20.72274
967,45.29998,46.3001,44.39996,45.25004,28360300,20.54574
968,45.18008,45.69994,44.01012,44.74008,17599900,20.31419
969,44.79992,46.76012,44.66,45.80004,25408100,20.79546
970,45.69994,48.99994,45.2001,46.5201,32338900,21.12241
971,46.75,48.38988,46.33002,47.85,25433900,21.72625
972,47.80006,48.19012,47.01994,47.80006,15587400,21.70357
973,48.60988,49.19992,47.47006,47.89004,18219500,21.74443
974,47.89994,48.79006,46.50998,48.2999,19642700,21.93052
975,48.2999,48.59008,45.9701,46.00992,19568000,20.89076
976,45.98,46.79994,43.78,45.2001,23230500,20.52306
977,44.79992,45.29998,41.8,43.16004,32816800,19.59677
978,42.50004,45.5499,42.21008,45.36004,24963700,20.59568
979,44.1001,45.89002,44.1001,44.88,20111500,20.37772
980,44.79992,45.38996,42.9,44.19998,18891900,20.06896
981,43.93994,45.27996,43.71994,44.97988,20326500,20.42307
982,44.70004,44.9999,43.45,43.75998,29020000,19.86918
983,43.49004,44.4499,41.6999,43.8999,26560700,19.93271
984,43.64008,45.30988,43.58002,45.07998,23731800,20.46852
985,44.96008,46.61998,44.96008,45.60006,20840000,20.70466
986,45.60006,45.80004,44.50996,44.97988,13107900,20.42307
987,44.9999,45.80004,43.8999,44.1001,15615900,20.02361
988,43.80992,43.80992,42.79,43.0001,19078200,19.52415
989,43.05004,44.24992,42.52996,44.20988,15217800,20.07345
990,44,44.85008,42.65008,42.83004,20244200,19.44694
991,42.76998,42.77988,41.51994,41.84994,21360600,19.00192
992,41.6999,42.26002,39.18002,40.15,38205900,18.23007
993,39.31004,40.8001,37.5001,40.8001,45259000,18.52524
994,40.45008,41.20996,40.15,40.19994,20385800,18.25274
995,38.30002,38.80008,36.17988,36.27998,73962700,16.47289
996,34.80004,36.03006,32.64998,32.64998,95629200,14.82469
997,32.64998,32.64998,32.64998,32.64998,0,14.82469
998,33.30008,35.88002,33,35.21012,75719000,15.98712
999,35.24004,36.1999,34.29998,35.57004,36608000,16.15054
1000,35.57004,38.0501,34.71006,36.80996,45391500,16.71353
1001,36.80006,37.53992,35.99992,36.32992,26372300,16.49556
1002,36.67994,37.48008,36.32992,36.78994,20897200,16.70444
1003,36.78994,36.78994,36.78994,36.78994,0,16.70444
1004,36.78994,36.78994,36.78994,36.78994,0,16.70444
1005,36.78994,36.78994,36.78994,36.78994,0,16.70444
1006,36.78994,36.78994,36.78994,36.78994,0,16.70444
1007,36.78994,36.78994,36.78994,36.78994,0,16.70444
1008,36.78994,36.78994,36.78994,36.78994,0,16.70444
1009,36.78994,36.78994,36.78994,36.78994,0,16.70444
1010,36.78994,36.78994,36.78994,36.78994,0,16.70444
1011,36.78994,36.78994,36.78994,36.78994,0,16.70444
1012,40.4701,40.4701,38.91008,39.6,61675100,17.98034
1013,39.7001,40.89998,39.61012,40.65006,36488800,18.45712
1014,40.67998,40.8001,40.04,40.19994,19111600,18.25274
1015,40.39992,40.68988,38.67996,39.29992,24957500,17.84409
1016,39.29992,39.86994,38.67996,39.13008,18118900,17.76697
1017,38.72,39.24998,38.36008,38.89996,15633600,17.66249
1018,38.91998,39.8299,38.58008,39.8299,29914500,18.08473
1019,40.7,41.22998,40.01998,40.30004,35711200,18.29819
1020,40.39992,40.39992,39.4999,39.64994,18294500,18.00302
1021,39.64994,39.64994,39.64994,39.64994,0,18.00302
1022,39.64994,39.64994,39.64994,39.64994,0,18.00302
1023,38.28,39.20004,36.65992,37.68996,54841900,17.11309
1024,37.70008,37.79006,36.14996,36.1999,30124400,16.43653
1025,36.21992,37.88004,36.21992,37.81008,28429100,17.16763
1026,37.77994,37.97002,36.93998,37.13996,16318100,16.86336
1027,37.15008,37.4,36.71008,37.15008,10224500,16.86796
1028,37.24996,37.68006,37.11004,37.59998,15425300,17.07223
1029,37.57006,40.3799,37.38988,39.38,35924900,17.88045
1030,38.98994,39.86004,38.80008,39.18992,29777800,17.79414
1031,39.58988,40.19004,39.16,39.79998,30149600,18.07114
1032,39.80988,39.94012,38.69998,39.09994,25668600,17.75329
1033,39.09994,39.09994,39.09994,39.09994,0,17.75329
1034,39.20004,39.38,38.51012,38.89996,14158700,17.66249
1035,38.69998,39.4999,38.6001,39.18002,17911000,17.78965
1036,39.42994,40.2501,39.11996,39.40002,26414600,17.88954
1037,39.40002,39.53994,38.5,39.11996,16007800,17.76238
1038,38.65004,38.65994,37.55994,38.14008,29677400,17.31746
1039,38.01996,38.54994,37.20002,37.31002,18998900,16.94058
1040,37.31002,37.88994,37.22004,37.8499,13273200,17.18571
1041,37.75002,38.19992,37.59998,37.99994,10087100,17.25383
1042,37.86992,37.88004,36.43002,37.18,24583100,16.88154
1043,37.15008,38.25998,36.80006,37.35006,17457000,16.95876
1044,37.68996,38.19992,37.42002,37.59998,12551200,17.07223
1045,37.59998,38.19992,37.2999,37.82988,17446100,17.17662
1046,37.82988,37.99004,37.02006,37.1701,17751000,16.87705
1047,37.18,37.8499,37.09992,37.38988,13273900,16.97684
1048,37.38988,37.8499,37.38988,37.64992,15531400,17.09491
1049,37.75002,37.79996,37.00004,37.38988,18469200,16.97684
1050,37.38988,37.38988,37.38988,37.38988,0,16.97684
1051,37.38988,37.38988,37.38988,37.38988,0,16.97684
1052,37.38988,37.38988,37.38988,37.38988,0,16.97684
1053,37.38988,37.38988,37.38988,37.38988,0,16.97684
1054,37.38988,37.38988,37.38988,37.38988,0,16.97684
1055,37.38988,37.46996,36.7499,37.26008,16278500,16.9179
1056,37.26008,38.76004,37.26008,38.69008,34754800,17.56719
1057,38.76004,38.78996,38.12996,38.14008,20427700,17.31746
1058,37.97002,37.97992,36.71008,37.19012,16963100,16.88614
1059,37.1701,37.53002,36.85,37.04998,16175600,16.82251
1060,37.00004,37.66994,36.93998,37.62,17094700,17.08132
1061,37.31002,37.57006,36.72988,36.80996,14272800,16.71353
1062,36.71998,36.98992,35.50008,35.62988,20070000,16.17771
1063,35.66992,36.47006,35.66992,36.03996,11087700,16.36391
1064,36.14996,36.45004,35.94998,36.01994,7200100,16.35482
1065,36.03996,36.28988,35.21012,35.33992,14345800,16.04606
1066,35.02004,35.17998,33.30998,33.9999,21871400,15.43762
1067,33.70004,34.62998,33.11,33.50996,20202900,15.21516
1068,33.50996,33.50996,33.50996,33.50996,0,15.21516
1069,33.50996,33.50996,33.50996,33.50996,0,15.21516
1070,33.50996,33.50996,33.50996,33.50996,0,15.21516
1071,33.50996,33.50996,33.50996,33.50996,0,15.21516
1072,33.50996,33.50996,33.50996,33.50996,0,15.21516
1073,33.50996,33.50996,33.50996,33.50996,0,15.21516
1074,33.50996,33.50996,33.50996,33.50996,0,15.21516
1075,33.50996,33.50996,33.50996,33.50996,0,15.21516
1076,33.50996,33.50996,33.50996,33.50996,0,15.21516
1077,33.50996,33.50996,33.50996,33.50996,0,15.21516
1078,33.50996,33.50996,33.50996,33.50996,0,15.21516
1079,33.50996,33.50996,33.50996,33.50996,0,15.21516
1080,33.50996,33.50996,33.50996,33.50996,0,15.21516
1081,33.50996,33.50996,33.50996,33.50996,0,15.21516
1082,33.50996,33.50996,33.50996,33.50996,0,15.21516
1083,33.50996,33.50996,33.50996,33.50996,0,15.21516
1084,33.50996,33.50996,33.50996,33.50996,0,15.21516
1085,33.50996,33.50996,33.50996,33.50996,0,15.21516
1086,33.50996,33.50996,33.50996,33.50996,0,15.21516
1087,33.50996,33.50996,33.50996,33.50996,0,15.21516
1088,33.50996,33.50996,33.50996,33.50996,0,15.21516
1089,33.50996,33.50996,33.50996,33.50996,0,15.21516
1090,33.50996,33.50996,33.50996,33.50996,0,15.21516
1091,33.50996,33.50996,33.50996,33.50996,0,15.21516
1092,33.50996,33.50996,33.50996,33.50996,0,15.21516
1093,33.50996,33.50996,33.50996,33.50996,0,15.21516
1094,33.50996,33.50996,33.50996,33.50996,0,15.21516
1095,33.50996,33.50996,33.50996,33.50996,0,15.21516
1096,33.50996,33.50996,33.50996,33.50996,0,15.21516
1097,33.50996,33.50996,33.50996,33.50996,0,15.21516
1098,36.86012,36.86012,34.84998,36.86012,60632400,16.7363
1099,37.99994,39.6,36.89994,37.02996,98682800,16.81342
1100,37.1701,39.06012,37.1701,38.10004,67010400,17.29928
1101,37.51,39.13008,37.19012,37.27988,39530800,16.92689
1102,37.35006,37.99004,35.68994,36.34004,45738000,16.50016
1103,35.99002,37.38988,34.80004,36.03996,49128400,16.36391
1104,36.10992,37.00004,35.86,36.25006,28989300,16.4593
1105,35.8501,36.01994,35.02004,35.79994,37025400,16.25493
1106,35.70006,36.25006,35.00002,35.06998,29856500,15.92349
1107,34.69004,35.50998,33.24002,33.46992,37657700,15.19698
1108,32.0001,32.49994,30.11998,30.11998,55278600,13.67595
1109,28.20004,31.30006,28.20004,29.23008,55970900,13.27189
1110,29.21996,30.49002,29.21996,30.1499,38460700,13.68953
1111,30.20996,33.17006,30.20996,32.1101,40213400,14.57956
1112,32.14002,32.62996,31.3599,31.94004,19475800,14.50234
1113,31.48992,31.48992,28.83012,30.2401,42151100,13.73049
1114,30.11998,32.2399,29.56008,32.13012,37984200,14.58865
1115,31.77988,33.96998,31.54998,32.4401,42534000,14.72939
1116,32.4401,32.4401,32.4401,32.4401,0,14.72939
1117,32.4401,32.4401,32.4401,32.4401,0,14.72939
1118,33.44,35.68004,33.30008,35.39998,71761800,16.07333
1119,35.39998,37.99994,35.17008,37.41012,63674100,16.98603
1120,37.05988,37.8499,35.72008,35.99992,42424400,16.34573
1121,35.99992,39.4999,35.99992,38.36998,69608200,17.42185
1122,37.95,40.57988,37.37008,39.57998,60394200,17.97125
1123,40.08994,43.53998,40.06002,42.98008,95847400,19.51506
1124,42.7999,43.36002,41.60002,42.30996,49617200,19.2108
1125,42.7999,44.46992,42.06994,42.69012,38433300,19.38341
1126,42.61004,44.48004,42.61004,44.48004,43640600,20.19612
1127,46.00002,48.92998,46.00002,48.92998,43204000,22.21661
1128,48.99994,52.49992,46.24994,50.7001,95369200,23.02033
1129,50.00996,53.50004,48.70008,52.59012,66762700,23.87849
1130,50.00006,51.8001,48.00004,50.20994,80883000,22.79777
1131,50.00006,52.09996,49.84012,50.79998,46273800,23.06568
1132,51.49012,51.68988,49.3999,49.56006,39457500,22.5027
1133,50.05,54.51996,50.05,54.51996,54433600,24.75473
1134,55.19998,56.60006,53.9,55.37004,40012000,25.14071
1135,55.50006,55.99,51.8001,51.94002,45696500,23.58332
1136,51.8001,53.39994,50.00006,50.84992,40845300,23.08836
1137,50.84992,51.34998,48.19012,48.4,43949400,21.97597
1138,48.5001,52.20006,48.00994,50.00006,58969300,22.70248
1139,50.99006,55,50.40002,53.30006,70539300,24.20084
1140,53.50004,56.2001,53.50004,53.83994,57829100,24.44597
1141,54.3499,59.22004,52.6999,59.22004,98566200,26.8888
1142,59.99994,61.09004,58.05008,58.60008,55749800,26.60731
1143,58.60008,62.30004,55.50006,57.37996,48319200,26.05331
1144,55.9999,63.11998,55.55,63.11998,47625700,28.65957
1145,63.20006,69.43002,63.20006,69.43002,69755200,31.52463
1146,70.09992,71.19993,68.04006,70.15008,45186900,31.85157
1147,70.37998,77.17006,70.37998,77.17006,39663400,35.03899
1148,79.11992,84.89008,78.19988,84.89008,47662100,38.54426
1149,88,92.79996,82.87994,90.2,72895300,40.95522
1150,90.2,90.2,90.2,90.2,0,40.95522
1151,90.2,90.2,90.2,90.2,0,40.95522
1152,90.2,90.2,90.2,90.2,0,40.95522
1153,90.2,90.2,90.2,90.2,0,40.95522
1154,90.2,90.2,90.2,90.2,0,40.95522
1155,87.97998,88.50006,81.18001,81.18001,56379900,36.8597
1156,79.00002,82.62012,77.15994,82.32004,77794700,37.37733
1157,82.08002,82.76994,78.98001,79.90004,61984200,36.27853
1158,79.00002,83.3899,79.00002,80.38998,82136000,36.50099
1159,78.80994,80.17988,75.88988,75.98998,79279200,34.50318
1160,76.05004,78.47994,76.05004,76.69993,52450100,34.82552
1161,76.58002,81.4,76.01,79.88002,67372700,36.26945
1162,80.65992,81.18001,74.51994,75.52996,57568600,34.2943
1163,74.70012,79.77003,73.81,78.69994,43181900,35.73363
1164,80.98002,86.57,79.77992,86.57,49473600,39.30702
1165,87.67,90.48006,81.79996,81.79996,70418300,37.14119
1166,80.93008,84.4899,77.3201,84.08004,66620200,38.17646
1167,82.5,85.97006,81.4,82.69998,39900100,37.54984
1168,82.32004,90.97,82.30992,90.39008,74711000,41.04153
1169,89.60006,90.59996,85.18004,87.95996,54356500,39.93813
1170,88.30008,96.07005,86.57,92.30012,53561200,41.90878
1171,91.5101,94.64994,89.49996,90.15006,39823300,40.93254
1172,89.60006,92.99004,89.01002,90.00002,41122000,40.86442
1173,89.9701,91.98992,88.50006,90.72008,45190500,41.19136
1174,94.00006,99.79002,91.01004,99.79002,91309000,45.30956
1175,99.48004,99.50006,95.63004,95.98997,61755200,43.58415
1176,94.35008,94.40002,86.39004,86.39004,84546400,39.22531
1177,86.50994,90.99993,86.50994,90.99002,47463100,41.31393
1178,90.99002,90.99002,90.99002,90.99002,0,41.31393
1179,92.90006,99.81994,92.88004,93.72,54551000,42.55347
1180,93.72,93.72,93.72,93.72,0,42.55347
1181,94.05,98.6799,89.71996,92.41012,60484000,41.95872
1182,90.04006,90.77992,84.01998,88.39006,63972900,40.13342
1183,88.39006,88.39006,88.39006,88.39006,0,40.13342
1184,88,89.98001,86.17994,88.17996,42859600,40.03802
1185,88.17996,88.24993,82.28001,83.64004,71459600,37.97668
1186,83.9201,91.83988,81.79996,91.83988,67030300,41.69981
1187,90.99002,93.85992,88.04994,92.86992,63477400,42.1675
1188,94.50012,94.66007,92.00004,92.77005,54397200,42.12215
1189,92.77005,96.00008,89.00012,90.92996,59399900,41.28666
1190,94.50012,94.97994,83.69988,83.79998,67604900,38.0493
1191,80.83988,85.71992,79.66992,81.55004,47638900,37.02771
1192,82.14998,86.70992,80.36996,82.10994,47633800,37.28194
1193,81.99004,84.19994,79.99993,82.25008,47856400,37.34557
1194,83.22006,90.48006,83.22006,90.48006,73695000,41.08238
1195,92.37998,99.52998,90.79994,99.45012,98609700,45.15523
1196,100.11012,109.20998,100.11012,101.81996,82057100,46.23125
1197,100.07998,112.00002,99.01012,112.00002,70738300,50.8535
1198,118.99998,120.18006,110.04995,112.00992,74481100,50.85799
1199,112.00992,122.00013,107.55008,122.00013,76312900,55.39404
1200,119.04993,134.2,116.51002,134.2,77513500,60.93338
1201,138.00006,147.62,129.00008,131.7899,101530300,59.83907
1202,131.7899,131.7899,131.7899,131.7899,0,59.83907
1203,129.99998,133.00013,122.00013,126.25008,70392500,57.32372
1204,126.25008,129.97996,122.00013,125.79006,54615100,57.11485
1205,129.00008,138.3701,127.00006,136.99004,85633100,62.20019
1206,134.00002,148.91009,132.79993,145.68004,83255300,66.14588
1207,145.68004,149.00007,139.21007,147.95,78215800,67.17655
1208,149.6,162.75007,144.80004,162.75007,75304000,73.89651
1209,166.84009,179.03006,166.49997,179.03006,61065600,81.28842
1210,84.8,89.5,82.09,82.49,134488400,82.44651
1211,79,81,74.24,74.24,126179000,74.20086
1212,70.98,74.85,68.3,71.6,84893100,71.56225
1213,72,77.5,71.7,76.8,90787700,76.75951
1214,78,78.71,72.18,73.7,79086700,73.66114
1215,74.01,75.76,70.91,74.5,84098500,74.46072
1216,73.5,75,71.78,73.08,63186800,73.04147
1217,73.11,80.39,73.11,80.39,120086400,80.34762
1218,77,78.61,75.3,76.34,82651800,76.29975
1219,70,76.88,70,74.89,96966700,74.85052
1220,76,76.5,70.8,71.72,87471000,71.68219
1221,70.2,71,64.6,64.68,94491200,64.6459
1222,64.67,69.75,64.38,67.82,67856500,67.78424
1223,66.8,72.1,66.23,71.2,58548900,71.16246
1224,72.2,72.82,69.7,72.1,69050700,72.06199
1225,72.11,79.21,70.43,78.98,93462200,78.93836
1226,77.49,81.38,71.95,76.58,72479200,76.53963
1227,78.99,81.62,75.66,76.69,73698400,76.64957
1228,74.4,74.5,69.02,71.23,76039900,71.19245
1229,68.95,72.5,67.53,69.45,51176600,69.41338
1230,69.66,71.14,67.66,70.38,41604200,70.34289
1231,70,70.47,67.9,68.42,43198500,68.38393
1232,67.5,72.7,65.02,71.5,65250700,71.4623
1233,71.49,71.49,65.9,66.15,54100700,66.11513
1234,64.5,67.61,61.8,65.91,54938500,65.87526
1235,65,69.5,64,67.95,45138500,67.91417
1236,65.24,66,61.16,61.16,54622800,61.12776
1237,59,59.7,55.04,55.04,50234000,55.01098
1238,55.04,55.04,55.04,55.04,0,55.01098
1239,52.79,55.1,51.11,54.3,65828300,54.27137
1240,58.5,59.65,55.18,56.21,69220100,56.18036
1241,56.35,56.39,51.55,51.8,48631700,51.77269
1242,49,50.35,46.62,46.79,84901400,46.76533
1243,47.96,49.5,42.2,47.05,95558800,47.02519
1244,46,51.76,45.55,51.76,96494300,51.73271
1245,54.35,56.94,54,54.8,123445600,54.77111
1246,54.8,60,53.05,57.5,120940600,57.46969
1247,53.8,62.89,51.75,59.09,119503400,59.05885
1248,64,64,53.18,53.18,114664600,53.15196
1249,47.89,50.29,47.86,47.86,59189100,47.83477
1250,47.86,47.86,47.86,47.86,0,47.83477
1251,44.2,52.65,44.08,52.65,109639100,52.62224
1252,52.65,57.92,51.9,57.92,99791000,57.88946
1253,59,63.67,56.5,63.64,143147700,63.60645
1254,60,65.2,57.67,57.7,128233100,57.66958
1255,56.01,56.07,51.93,51.93,66392900,51.90262
1256,48.8,55,46.74,50.9,86811100,50.87317
1257,51.92,55,50.9,53.71,66616100,53.68168
1258,52.98,55.8,51.7,52.23,73117300,52.20246
1259,49.5,51.99,49.5,50.44,67111800,50.41341
1260,51.5,54.55,50.58,52.97,74334100,52.94208
1261,52.14,53.97,51.89,53.61,70653100,53.58174
1262,53.8,54.49,49.6,50.17,71381000,50.14355
1263,47,48.56,45.15,45.15,89878000,45.1262
1264,43.8,45.68,40.64,43.25,98889400,43.2272
1265,44.25,47.58,41.43,47.58,96952600,47.55492
1266,49.1,50.8,45.71,46.58,105011200,46.55544
1267,45.77,50.8,45.77,49.49,107585700,49.46391
1268,47,49,45.17,48.3,85475500,48.27454
1269,48.35,51.15,46.58,50.98,66348000,50.95312
1270,50.07,50.61,47,47.43,59780500,47.405
1271,45.49,47,45.02,45.6,32874400,45.57596
1272,47,48.95,46.54,47.19,40508500,47.16512
1273,47.32,51.38,47,50.33,63998000,50.30347
1274,50,53.92,48.65,51.93,80655300,51.90262
1275,51,51.9,49.26,49.4,48935300,49.37396
1276,49.05,51.21,49.01,51.01,43503000,50.98311
1277,52.01,52.53,49.65,49.81,42108300,49.78374
1278,48.5,49.47,47.52,48.3,35939000,48.27454
1279,48.66,50.5,45,45.57,52745700,45.54598
1280,44.02,47.3,42.82,46.98,43447800,46.95523
1281,46.01,48.5,45.5,45.79,32916700,45.76586
1282,44.31,45.37,42,42.14,34802400,42.11778
1283,40,40,37.93,37.93,28894900,37.91
1284,34.14,35,34.14,34.14,36373300,34.122
1285,33,34.89,30.73,30.73,75278400,30.7138
1286,31.52,32.13,28.22,32,77768500,31.98313
1287,32,35.2,30.73,35.2,80243500,35.18144
1288,34.2,34.7,32.25,33.83,67350900,33.81217
1289,32.67,36.86,32.52,34.4,91667600,34.38187
1290,32.3,36,30.96,30.97,77128000,30.95367
1291,30.97,30.97,30.97,30.97,0,30.95367
1292,30.97,30.97,30.97,30.97,0,30.95367
1293,31.78,33.9,31.1,31.87,57486300,31.8532
1294,31.97,35.06,30.61,35.06,70592000,35.04152
1295,36.48,38.25,35.8,36.49,102437100,36.47076
1296,35.5,37.9,35.35,36.45,65115400,36.43078
1297,36.2,38.28,36.2,37.66,65724500,37.64015
1298,37,37.55,33.89,33.89,58018800,33.87213
1299,32.1,33.33,30.5,30.88,49928500,30.86372
1300,31,33.97,31,33.97,56974600,33.95209
1301,33.96,36.3,32.99,33.58,70864700,33.5623
1302,34.05,35.3,33,34.51,51004500,34.4918
1303,34.89,37.96,34.61,37.96,68999500,37.93999
1304,37.92,40.8,36.86,39.3,86697900,39.27928
1305,38.35,40.28,37.45,38.84,84231900,38.81952
1306,41,42.72,40.5,41.98,117990300,41.95787
1307,40.8,41.43,37.9,38.59,78743100,38.56966
1308,39.21,42.45,38.51,42.45,84595800,42.42762
1309,41.7,42.79,40.73,42.14,85504100,42.11778
1310,42.5,42.78,39.85,40.88,49057700,40.85845
1311,40.88,40.88,40.88,40.88,0,40.85845
1312,40.88,40.88,40.88,40.88,0,40.85845
1313,40.88,40.88,40.88,40.88,0,40.85845
1314,40.88,40.88,40.88,40.88,0,40.85845
1315,40.88,40.88,40.88,40.88,0,40.85845
1316,42.46,44.78,41.6,43.5,62718800,43.47707
1317,43,43.66,42.3,42.99,42570500,42.96734
1318,43.5,46.79,43.21,45.5,55103700,45.47601
1319,44.55,46.35,44.5,45.62,41565500,45.59595
1320,45.2,45.47,43.39,43.55,42166300,43.52704
1321,44.12,46.79,43.55,46.2,55480600,46.17564
1322,46.2,49.6,46,48.93,72066600,48.9042
1323,50.9,50.9,47.6,48.72,65317200,48.69432
1324,48.01,53.28,48,53.14,71739200,53.11198
1325,52,52.66,47.83,47.83,88505100,47.80479
1326,47.55,50.18,47.37,49.79,70004100,49.76375
1327,49.1,50.6,47.55,49.11,60512300,49.08411
1328,49.98,50.8,48.2,50.32,57087600,50.29347
1329,49.2,53.3,47.52,51.4,74247300,51.3729
1330,51.65,52.7,48.5,48.83,59215100,48.80426
1331,49.7,50.01,47.8,48.52,44485800,48.49442
1332,48,49.2,47.01,47.85,35123900,47.82477
1333,46.46,49.8,46,48.5,46506400,48.47443
1334,48.6,50.48,47.71,49.37,51191700,49.34397
1335,49.7,52.3,49,51.84,64178800,51.81267
1336,51.49,53.29,49.88,50.37,85270100,50.34344
1337,50.03,55.02,50.03,53.16,86622700,53.13197
1338,52.5,57.39,51.41,55,85220100,54.971
1339,54.5,57.57,53.65,54.61,59453000,54.58121
1340,54.4,56.44,53.66,54.58,48125500,54.55123
1341,54.88,54.99,52.03,52.21,67643400,52.18247
1342,51.3,52.17,50.01,50.71,41817800,50.68326
1343,49.1,52.02,49.02,51.88,38653400,51.85265
1344,52.5,52.86,49.87,50,48052200,49.97364
1345,50.5,52.21,49.6,50.4,41450600,50.37343
1346,51,53.88,50.98,53.49,60759500,53.4618
1347,53.9,53.9,51.1,51.75,60715000,51.72272
1348,51.76,52.8,50.6,50.76,36515600,50.73324
1349,50.6,52.88,50.33,52.45,43659400,52.42235
1350,52.46,53.83,51.6,53.08,51747500,53.05202
1351,52.58,53.39,51.01,51.51,39308500,51.48284
1352,51.45,53.68,49.23,50.01,56359300,49.98363
1353,50.5,50.97,45.87,48.5,50077300,48.47443
1354,48.57,50.22,47.9,48.85,31133900,48.82424
1355,48.25,49.2,46.95,48.87,26202600,48.84423
1356,49.55,53.76,49.02,53.76,55862400,53.73166
1357,55.2,59.14,54.21,58.8,149290300,58.769
1358,58.8,58.8,58.8,58.8,0,58.769
1359,58.8,58.8,58.8,58.8,0,58.769
1360,58.8,58.8,58.8,58.8,0,58.769
1361,58.8,58.8,58.8,58.8,0,58.769
1362,58.8,58.8,58.8,58.8,0,58.769
1363,58.8,58.8,58.8,58.8,0,58.769
1364,58.8,58.8,58.8,58.8,0,58.769
1365,58.8,58.8,58.8,58.8,0,58.769
1366,58.8,58.8,58.8,58.8,0,58.769
1367,58.8,58.8,58.8,58.8,0,58.769
1368,58.8,58.8,58.8,58.8,0,58.769
1369,58.8,58.8,58.8,58.8,0,58.769
1370,58.8,58.8,58.8,58.8,0,58.769
1371,58.8,58.8,58.8,58.8,0,58.769
1372,58.8,58.8,58.8,58.8,0,58.769
1373,58.8,58.8,58.8,58.8,0,58.769
1374,58.8,58.8,58.8,58.8,0,58.769
1375,58.8,58.8,58.8,58.8,0,58.769
1376,58.8,58.8,58.8,58.8,0,58.769
1377,58.8,58.8,58.8,58.8,0,58.769
1378,58.8,58.8,58.8,58.8,0,58.769
1379,58.8,58.8,58.8,58.8,0,58.769
1380,58.8,58.8,58.8,58.8,0,58.769
1381,58.8,58.8,58.8,58.8,0,58.769
1382,58.8,58.8,58.8,58.8,0,58.769
1383,58.8,58.8,58.8,58.8,0,58.769
1384,58.8,58.8,58.8,58.8,0,58.769
1385,58.8,58.8,58.8,58.8,0,58.769
1386,58.8,58.8,58.8,58.8,0,58.769
1387,58.8,58.8,58.8,58.8,0,58.769
1388,58.8,58.8,58.8,58.8,0,58.769
1389,58.8,58.8,58.8,58.8,0,58.769
1390,58.8,58.8,58.8,58.8,0,58.769
1391,58.8,58.8,58.8,58.8,0,58.769
1392,58.8,58.8,58.8,58.8,0,58.769
1393,58.8,58.8,58.8,58.8,0,58.769
1394,58.8,58.8,58.8,58.8,0,58.769
1395,58.8,58.8,58.8,58.8,0,58.769
1396,58.8,58.8,58.8,58.8,0,58.769
1397,58.8,58.8,58.8,58.8,0,58.769
1398,58.8,58.8,58.8,58.8,0,58.769
1399,58.8,58.8,58.8,58.8,0,58.769
1400,58.8,58.8,58.8,58.8,0,58.769
1401,58.8,58.8,58.8,58.8,0,58.769
1402,58.8,58.8,58.8,58.8,0,58.769
1403,58.8,58.8,58.8,58.8,0,58.769
1404,58.8,58.8,58.8,58.8,0,58.769
1405,58.8,58.8,58.8,58.8,0,58.769
1406,58.8,58.8,58.8,58.8,0,58.769
1407,58.8,58.8,58.8,58.8,0,58.769
1408,58.8,58.8,58.8,58.8,0,58.769
1409,58.8,58.8,58.8,58.8,0,58.769
1410,58.8,58.8,58.8,58.8,0,58.769
1411,58.8,58.8,58.8,58.8,0,58.769
1412,58.8,58.8,58.8,58.8,0,58.769
1413,58.8,58.8,58.8,58.8,0,58.769
1414,58.8,58.8,58.8,58.8,0,58.769
1415,58.8,58.8,58.8,58.8,0,58.769
1416,58.8,58.8,58.8,58.8,0,58.769
1417,58.8,58.8,58.8,58.8,0,58.769
1418,58.8,58.8,58.8,58.8,0,58.769
1419,58.8,58.8,58.8,58.8,0,58.769
1420,58.8,58.8,58.8,58.8,0,58.769
1421,58.8,58.8,58.8,58.8,0,58.769
1422,58.8,58.8,58.8,58.8,0,58.769
1423,58.8,58.8,58.8,58.8,0,58.769
1424,58.8,58.8,58.8,58.8,0,58.769
1425,58.8,58.8,58.8,58.8,0,58.769
1426,58.8,58.8,58.8,58.8,0,58.769
1427,58.8,58.8,58.8,58.8,0,58.769
1428,58.8,58.8,58.8,58.8,0,58.769
1429,58.8,58.8,58.8,58.8,0,58.769
1430,58.8,58.8,58.8,58.8,0,58.769
1431,58.8,58.8,58.8,58.8,0,58.769
1432,58.8,58.8,58.8,58.8,0,58.769
1433,58.8,58.8,58.8,58.8,0,58.769
1434,58.8,58.8,58.8,58.8,0,58.769
1435,58.8,58.8,58.8,58.8,0,58.769
1436,58.8,58.8,58.8,58.8,0,58.769
1437,58.8,58.8,58.8,58.8,0,58.769
1438,58.8,58.8,58.8,58.8,0,58.769
1439,58.8,58.8,58.8,58.8,0,58.769
1440,58.8,58.8,58.8,58.8,0,58.769
1441,58.8,58.8,58.8,58.8,0,58.769
1442,58.8,58.8,58.8,58.8,0,58.769
1443,58.8,58.8,58.8,58.8,0,58.769
1444,58.8,58.8,58.8,58.8,0,58.769
1445,58.8,58.8,58.8,58.8,0,58.769
1446,58.8,58.8,58.8,58.8,0,58.769
1447,58.8,58.8,58.8,58.8,0,58.769
1448,58.8,58.8,58.8,58.8,0,58.769
1449,58.8,58.8,58.8,58.8,0,58.769
1450,58.8,58.8,58.8,58.8,0,58.769
1451,58.8,58.8,58.8,58.8,0,58.769
1452,58.8,58.8,58.8,58.8,0,58.769
1453,58.8,58.8,58.8,58.8,0,58.769
1454,58.8,58.8,58.8,58.8,0,58.769
1455,58.8,58.8,58.8,58.8,0,58.769
1456,58.8,58.8,58.8,58.8,0,58.769
1457,58.8,58.8,58.8,58.8,0,58.769
1458,58.8,58.8,58.8,58.8,0,58.769
1459,58.8,58.8,58.8,58.8,0,58.769
1460,58.8,58.8,58.8,58.8,0,58.769
1461,58.8,58.8,58.8,58.8,0,58.769
1462,58.8,58.8,58.8,58.8,0,58.769
1463,58.8,58.8,58.8,58.8,0,58.769
1464,58.8,58.8,58.8,58.8,0,58.8
1465,58.8,58.8,58.8,58.8,0,58.8
1466,58.8,58.8,58.8,58.8,0,58.8
1467,58.8,58.8,58.8,58.8,0,58.8
1468,58.8,58.8,58.8,58.8,0,58.8
1469,58.8,58.8,58.8,58.8,0,58.8
1470,58.8,58.8,58.8,58.8,0,58.8
1471,58.8,58.8,58.8,58.8,0,58.8
1472,58.8,58.8,58.8,58.8,0,58.8
1473,58.8,58.8,58.8,58.8,0,58.8
1474,58.8,58.8,58.8,58.8,0,58.8
1475,58.8,58.8,58.8,58.8,0,58.8
1476,58.8,58.8,58.8,58.8,0,58.8
1477,58.8,58.8,58.8,58.8,0,58.8
1478,58.8,58.8,58.8,58.8,0,58.8
1479,58.8,58.8,58.8,58.8,0,58.8
1480,58.8,58.8,58.8,58.8,0,58.8
1481,58.8,58.8,58.8,58.8,0,58.8
1482,58.8,58.8,58.8,58.8,0,58.8
1483,58.8,58.8,58.8,58.8,0,58.8
1484,58.8,58.8,58.8,58.8,0,58.8
1485,58.8,58.8,58.8,58.8,0,58.8
1486,58.8,58.8,58.8,58.8,0,58.8
1487,52.89,60.98,52.89,56.32,216798000,56.32
1488,55.69,56.5,53,53.48,106978100,53.48
1489,53.64,54.6,52.48,53.31,72980000,53.31
1490,52.56,54,52.55,52.8,56332400,52.8
1491,52.8,52.8,52.8,52.8,0,52.8
1492,52.8,52.8,52.8,52.8,0,52.8
1493,51.8,51.95,47.52,47.52,74853600,47.52
1494,47.5,47.98,44.56,45.54,57202400,45.54
1495,45.01,48.8,44.87,47.85,51989000,47.85
1496,47.39,49.16,46.81,46.95,38529900,46.95
1497,47.06,49.01,47.06,47.55,36002500,47.55
1498,47.88,49.36,47.39,48.69,40124000,48.69
1499,49.02,49.19,46,46.3,43780400,46.3
1500,46.28,47.25,46.15,47,27192400,47
1501,46.95,47.68,45.31,46.9,41731900,46.9
1502,46.45,47.35,44.8,46.2,35983600,46.2
1503,46.08,47.34,45.87,47.05,29975000,47.05
1504,47.18,48.71,46.9,48.3,41377200,48.3
1505,48.28,48.7,47.69,48.1,33225800,48.1
1506,48.12,52.91,48.12,52.91,78931500,52.91
1507,52.8,53.96,51.8,52.1,50370200,52.1
1508,51.8,52.98,51.53,52.1,38379300,52.1
1509,52.27,52.86,51.62,52.3,30711800,52.3
1510,52.3,52.3,52.3,52.3,0,52.3
1511,52.3,52.3,52.3,52.3,0,52.3
1512,52.3,52.3,52.3,52.3,0,52.3
1513,52.3,52.3,52.3,52.3,0,52.3
1514,52.3,52.3,52.3,52.3,0,52.3
1515,52.3,52.3,52.3,52.3,0,52.3
1516,52.8,53.39,50,50.81,44107400,50.81
1517,50.72,51.99,50.66,51.45,27062800,51.45
1518,51.49,51.49,48.85,49.08,33797400,49.08
1519,49.48,50.12,49.02,49.78,20757100,49.78
1520,49.78,52.77,49.52,51.13,38760700,51.13
1521,50.6,51.5,50,50.35,24889500,50.35
1522,50.16,51.35,49.9,49.94,19853200,49.94
1523,49.95,50.28,48.88,49.25,18125600,49.25
1524,48.55,49.78,48.41,49.49,19956800,49.49
1525,50.58,51.78,47.59,48.5,44467300,48.5
1526,48.31,49.6,46.73,47.62,31060900,47.62
1527,48.07,48.3,46.6,47.15,17722000,47.15
1528,46.85,47.13,44.9,45.88,23960600,45.88
1529,46,46.87,45.99,46.42,14065600,46.42
1530,46.7,47.08,46.08,46.41,13770500,46.41
1531,46.45,47.49,45.81,47.15,17736800,47.15
1532,47.35,47.45,46.56,46.85,12305400,46.85
1533,46.1,46.44,45,46.1,23991300,46.1
1534,45.45,46.5,45.45,46.45,16798500,46.45
1535,46.5,46.81,45.66,45.87,17750400,45.87
1536,46.15,46.97,45.61,45.88,23905000,45.88
1537,45.6,46.11,45.05,45.73,19152200,45.73
1538,45.53,48.5,45.2,47.65,41396900,47.65
1539,47.22,48.71,47.22,47.76,29047200,47.76
1540,47.6,49.35,47.53,48.22,35404500,48.22
1541,47.77,48.2,47.1,47.31,28235600,47.31
1542,47.4,47.66,47.12,47.23,12853100,47.23
1543,47.23,47.96,45.77,45.79,22480400,45.79
1544,46.2,47.2,45.89,46.38,19610000,46.38
1545,46.4,46.85,46.11,46.31,11710500,46.31
1546,46.19,46.31,45.56,45.86,13797500,45.86
1547,45.8,46.58,45.75,45.81,12173200,45.81
1548,45.83,46.05,45.4,45.76,11798300,45.76
1549,45.84,45.98,45.65,45.8,8912000,45.8
1550,45.9,46.64,45.5,46.17,15200500,46.17
1551,46.08,46.15,45.3,45.3,15792700,45.3
1552,45.2,45.67,45.08,45.23,9983800,45.23
1553,45.55,45.62,44.88,44.94,10751200,44.94
1554,44.94,45.65,43.2,45.5,26697000,45.5
1555,45.51,45.8,45.16,45.16,13562200,45.16
1556,45.16,45.48,44.5,44.75,14593000,44.75
1557,44.95,45.22,44.73,44.85,10534900,44.85
1558,44.04,46.17,44,44.52,21855500,44.52
1559,44.78,44.97,43.92,43.98,14055300,43.98
1560,44.4,45.4,44.06,45.4,20184000,45.4
1561,45.4,45.4,45.4,45.4,0,45.4
1562,45.4,45.4,45.4,45.4,0,45.4
1563,46,49.74,45.78,47.3,52041600,47.3
1564,47,47.4,46.18,46.27,20615900,46.27
1565,46.4,46.95,45.95,46.27,15064900,46.27
1566,46.76,46.82,45.5,45.99,14345000,45.99
1567,46.03,46.3,45.62,45.75,9954500,45.75
1568,45.7,46.2,44.4,44.4,16122500,44.4
1569,44.26,44.59,43.9,44.54,11823100,44.54
1570,44.55,44.57,44,44.18,7951700,44.18
1571,44.18,45.2,44.12,44.22,12279800,44.22
1572,44.2,44.58,44.15,44.25,7785200,44.25
1573,44.25,44.25,44.25,44.25,0,44.25
1574,44.25,44.25,44.25,44.25,0,44.25
1575,44.25,44.25,44.25,44.25,0,44.25
1576,44.25,44.25,44.25,44.25,0,44.25
1577,44.25,44.25,44.25,44.25,0,44.25
1578,44.55,45.33,44.47,45.21,13865200,45.21
1579,45.21,45.28,44.83,45.01,9447000,45.01
1580,44.8,44.97,44.63,44.72,9608700,44.72
1581,44.88,45.18,44.36,44.5,11085500,44.5
1582,44.48,44.49,44,44.37,9376600,44.37
1583,44.55,44.58,44.01,44.05,9121900,44.05
1584,44.11,44.92,43.98,44.83,14727600,44.83
1585,44.9,45.28,44.63,44.9,13064200,44.9
1586,45,45.18,44.4,44.5,11894600,44.5
1587,45,45.99,44.81,44.96,24073300,44.96
1588,44.87,45.72,44.61,45.33,16973400,45.33
1589,45.54,45.72,45.04,45.32,12835100,45.32
1590,45.32,45.38,44.36,44.61,15459800,44.61
1591,44.55,44.82,44.11,44.43,9107100,44.43
1592,44.38,44.77,44.08,44.15,11112600,44.15
1593,44.14,44.4,43.95,44.15,8097100,44.15
1594,44.1,44.39,44.06,44.33,9255500,44.33
1595,44.26,44.26,40.95,41.01,53379200,41.01
1596,39.9,40.92,39.39,40.63,36965000,40.63
1597,40.31,40.59,39.55,39.71,27420900,39.71
1598,37.7,39,37.03,37.85,50209500,37.85
1599,38,39.28,37.7,38.99,45083700,38.99
1600,38.99,39,37.64,38.12,31429200,38.12
1601,38.45,38.6,37.95,37.99,25544900,37.99
1602,37.42,38.38,36.36,38.38,64262100,38.38
1603,38.54,39.91,38.4,39.06,62012200,39.06
1604,38.6,39.1,38,39.1,35414100,39.1
1605,40.5,40.88,38.8,38.96,47958100,38.96
1606,38.49,38.85,38.19,38.19,25958600,38.19
1607,38.17,38.44,37.7,37.91,18683500,37.91
1608,37.7,37.96,36.88,37.25,29893800,37.25
1609,37.5,38.18,37.1,38.16,31984800,38.16
1610,38.15,38.5,37.53,37.82,33696900,37.82
1611,37.7,38.29,37.46,37.55,20887500,37.55
1612,37.58,38.8,37.5,38.39,38243700,38.39
1613,38.37,38.37,37.55,37.82,25667000,37.82
1614,37.9,38.37,37.3,38.05,31417700,38.05
1615,38.25,38.97,37.81,38.02,33903800,38.02
1616,37.86,38.85,37.46,38.05,28066200,38.05
1617,38,39.3,37.71,38.88,61899700,38.88
1618,38.8,39.05,38.21,38.85,30349300,38.85
1619,39.1,39.22,35.01,35.8,62304200,35.8
1620,35.8,35.8,35.8,35.8,0,35.8
1621,35.8,35.8,35.8,35.8,0,35.8
1622,35.8,35.8,35.8,35.8,0,35.8
1623,35.8,35.8,35.8,35.8,0,35.8
1624,35.8,35.8,35.8,35.8,0,35.8
1625,35.8,35.8,35.8,35.8,0,35.8
1626,35.8,35.8,35.8,35.8,0,35.8
1627,35.8,35.8,35.8,35.8,0,35.8
1628,35.8,35.8,35.8,35.8,0,35.8
1629,35.8,35.8,35.8,35.8,0,35.8
1630,35.8,35.8,35.8,35.8,0,35.8
1631,35.8,35.8,35.8,35.8,0,35.8
1632,35.8,35.8,35.8,35.8,0,35.8
1633,35.8,35.8,35.8,35.8,0,35.8
1634,35.8,35.8,35.8,35.8,0,35.8
1635,35.8,35.8,35.8,35.8,0,35.8
1636,35.8,35.8,35.8,35.8,0,35.8
1637,35.8,35.8,35.8,35.8,0,35.8
1638,35.8,35.8,35.8,35.8,0,35.8
1639,35.8,35.8,35.8,35.8,0,35.8
1640,35.8,35.8,35.8,35.8,0,35.8
1641,35.8,35.8,35.8,35.8,0,35.8
1642,35.8,35.8,35.8,35.8,0,35.8
1643,35.8,35.8,35.8,35.8,0,35.8
1644,35.8,35.8,35.8,35.8,0,35.8
1645,35.8,35.8,35.8,35.8,0,35.8
1646,35.8,35.8,35.8,35.8,0,35.8
1647,35.8,35.8,35.8,35.8,0,35.8
1648,36.88,38.98,33.95,35.4,96948700,35.4
1649,34.99,38.94,34.38,38.94,103519100,38.94
1650,38.51,38.89,37.7,38.13,63520800,38.13
1651,38.13,38.13,38.13,38.13,0,38.13
1652,38.12,41.17,37.91,39.35,93145200,39.35
1653,38.85,39.69,38.68,39,40659600,39
1654,38.88,39.15,37.13,37.44,44217200,37.44
1655,37.2,37.4,36.61,36.81,29632800,36.81
1656,37.02,37.28,36.58,36.6,20273600,36.6
1657,36.6,36.6,36.6,36.6,0,36.6
1658,36.6,36.6,36.6,36.6,0,36.6
1659,36.6,36.6,36.6,36.6,0,36.6
1660,36.6,36.6,36.6,36.6,0,36.6
1661,36.6,36.6,36.6,36.6,0,36.6
1662,36.8,37.26,36.3,36.72,18079600,36.72
1663,36.62,36.97,36.02,36.67,23440300,36.67
1664,36.67,36.67,35.9,36.04,25553300,36.04
1665,35.64,36.56,35.64,36.31,23438600,36.31
1666,36.37,36.81,36.3,36.36,21819500,36.36
1667,36.44,36.55,35.8,35.81,24185900,35.81
1668,35.83,36.36,35.43,35.92,26547800,35.92
1669,37.11,38.28,37.11,37.24,65504900,37.24
1670,36.85,37.18,36.35,36.35,34414200,36.35
1671,36.3,36.58,35.9,36.27,21274000,36.27
1672,36.11,36.4,35.46,35.51,24152100,35.51
1673,35.53,35.86,35.12,35.8,21076100,35.8
1674,35.7,36.59,35.51,36.29,28317800,36.29
1675,36.3,36.66,35.9,36.3,22010200,36.3
1676,36.33,36.54,36.02,36.3,19023300,36.3
1677,36.29,36.86,36.13,36.5,25601000,36.5
1678,36.33,36.36,35.52,35.58,26526400,35.58
1679,35.59,35.88,34.82,35.09,28868400,35.09
1680,35,35.49,34.83,35.23,22286000,35.23
1681,35.01,35.38,33.6,33.75,56589000,33.75
1682,33.11,33.15,31.01,31.89,82441400,31.89
1683,31.5,32.35,31.41,32,38348500,32
1684,31.99,32.43,31.85,32.28,28715300,32.28
1685,32.3,32.59,32.01,32.33,27547500,32.33
1686,32.27,32.27,31.68,31.86,21739600,31.86
1687,31.8,32.25,31.76,31.89,18461100,31.89
1688,31.88,31.93,31.31,31.71,19427400,31.71
1689,31.72,31.86,31.21,31.31,25187000,31.31
1690,31.25,33.65,30.31,33.17,92639300,33.17
1691,32.58,33.07,32.55,32.68,45946500,32.68
1692,32.69,33.39,32.12,32.2,39975800,32.2
1693,32.21,32.75,31.38,32.37,32745400,32.37
1694,32.09,32.29,31.81,31.83,21240500,31.83
1695,31.51,31.88,31.4,31.47,18377300,31.47
1696,31.56,31.98,31.27,31.64,22355500,31.64
1697,31.61,31.79,31.35,31.53,17281000,31.53
1698,31.48,31.65,31.17,31.23,17237300,31.23
1699,31.26,32.1,31.2,31.75,28174700,31.75
1700,31.89,33.28,31.46,32.49,60020100,32.49
1701,32.29,33.33,31.92,32.22,47781000,32.22
1702,32.61,34.45,32.36,33.92,74998200,33.92
1703,33.92,33.92,33.92,33.92,0,33.92
1704,33.92,33.92,33.92,33.92,0,33.92
1705,33.5,33.98,33.2,33.85,44760600,33.85
1706,33.85,33.89,32.6,32.8,41031700,32.8
1707,32.68,33.49,32.68,33,25665100,33
